Cultivation,Block,Plot,Quadrat,Species,Count
october,a,1,Q1,Achillea millefolium,4
october,a,1,Q1,Agrostis gigantea,NA
october,a,1,Q1,Anagallis arvensis,NA
october,a,1,Q1,Anchusa arvensis,NA
october,a,1,Q1,Anisantha sterilis,NA
october,a,1,Q1,Aphanes australis,NA
october,a,1,Q1,Artemesia vulgaris,NA
october,a,1,Q1,Bromus hordaceus,NA
october,a,1,Q1,Cerastium glomeratun,NA
october,a,1,Q1,Chenopodium album,NA
october,a,1,Q1,Cirsium arvense,NA
october,a,1,Q1,Conyza canadensis,NA
october,a,1,Q1,Crepis capillaris,NA
october,a,1,Q1,Crepis paludos,NA
october,a,1,Q1,Elytrigia repens,NA
october,a,1,Q1,Epilobium ciliatum,1
october,a,1,Q1,Erodium cicutarium,NA
october,a,1,Q1,Fallopia convolvulus,NA
october,a,1,Q1,Festuca rubra,NA
october,a,1,Q1,Geranium molle,NA
october,a,1,Q1,Holcus mollis,159
october,a,1,Q1,Hypochaeris radicata,NA
october,a,1,Q1,Lactuca serriola,NA
october,a,1,Q1,Medicago lupulina,NA
october,a,1,Q1,Myosotis arvensis,NA
october,a,1,Q1,Plantago lanceolata,NA
october,a,1,Q1,Polpaver dubium,NA
october,a,1,Q1,Raphanus raphanistrum,NA
october,a,1,Q1,Rumex acetosella,25
october,a,1,Q1,Rumex crispus,NA
october,a,1,Q1,Rumex obtusifolia,NA
october,a,1,Q1,Semecio jacobaea,NA
october,a,1,Q1,Sonchus asper,NA
october,a,1,Q1,Spergula arvensis,NA
october,a,1,Q1,Stellaria graminea,8
october,a,1,Q1,Taraxacum officinale,NA
october,a,1,Q1,Tripleurospermum inodorum,11
october,a,1,Q1,Veronica arvensis,NA
october,a,1,Q1,Veronica persica,1
october,a,1,Q1,Viola arvensis,NA
october,a,1,Q1,Vulpia myuros,NA
october,a,1,Q2,Achillea millefolium,8
october,a,1,Q2,Agrostis gigantea,NA
october,a,1,Q2,Anagallis arvensis,NA
october,a,1,Q2,Anchusa arvensis,3
october,a,1,Q2,Anisantha sterilis,NA
october,a,1,Q2,Aphanes australis,NA
october,a,1,Q2,Artemesia vulgaris,NA
october,a,1,Q2,Bromus hordaceus,NA
october,a,1,Q2,Cerastium glomeratun,2
october,a,1,Q2,Chenopodium album,NA
october,a,1,Q2,Cirsium arvense,5
october,a,1,Q2,Conyza canadensis,NA
october,a,1,Q2,Crepis capillaris,NA
october,a,1,Q2,Crepis paludos,NA
october,a,1,Q2,Elytrigia repens,NA
october,a,1,Q2,Epilobium ciliatum,NA
october,a,1,Q2,Erodium cicutarium,NA
october,a,1,Q2,Fallopia convolvulus,NA
october,a,1,Q2,Festuca rubra,NA
october,a,1,Q2,Geranium molle,NA
october,a,1,Q2,Holcus mollis,81
october,a,1,Q2,Hypochaeris radicata,NA
october,a,1,Q2,Lactuca serriola,NA
october,a,1,Q2,Medicago lupulina,NA
october,a,1,Q2,Myosotis arvensis,NA
october,a,1,Q2,Plantago lanceolata,NA
october,a,1,Q2,Polpaver dubium,NA
october,a,1,Q2,Raphanus raphanistrum,NA
october,a,1,Q2,Rumex acetosella,NA
october,a,1,Q2,Rumex crispus,NA
october,a,1,Q2,Rumex obtusifolia,NA
october,a,1,Q2,Semecio jacobaea,NA
october,a,1,Q2,Sonchus asper,NA
october,a,1,Q2,Spergula arvensis,NA
october,a,1,Q2,Stellaria graminea,4
october,a,1,Q2,Taraxacum officinale,NA
october,a,1,Q2,Tripleurospermum inodorum,1
october,a,1,Q2,Veronica arvensis,NA
october,a,1,Q2,Veronica persica,NA
october,a,1,Q2,Viola arvensis,3
october,a,1,Q2,Vulpia myuros,NA
october,a,1,Q3,Achillea millefolium,3
october,a,1,Q3,Agrostis gigantea,NA
october,a,1,Q3,Anagallis arvensis,NA
october,a,1,Q3,Anchusa arvensis,1
october,a,1,Q3,Anisantha sterilis,NA
october,a,1,Q3,Aphanes australis,NA
october,a,1,Q3,Artemesia vulgaris,2
october,a,1,Q3,Bromus hordaceus,NA
october,a,1,Q3,Cerastium glomeratun,1
october,a,1,Q3,Chenopodium album,NA
october,a,1,Q3,Cirsium arvense,NA
october,a,1,Q3,Conyza canadensis,NA
october,a,1,Q3,Crepis capillaris,NA
october,a,1,Q3,Crepis paludos,NA
october,a,1,Q3,Elytrigia repens,NA
october,a,1,Q3,Epilobium ciliatum,NA
october,a,1,Q3,Erodium cicutarium,NA
october,a,1,Q3,Fallopia convolvulus,NA
october,a,1,Q3,Festuca rubra,NA
october,a,1,Q3,Geranium molle,NA
october,a,1,Q3,Holcus mollis,144
october,a,1,Q3,Hypochaeris radicata,NA
october,a,1,Q3,Lactuca serriola,NA
october,a,1,Q3,Medicago lupulina,NA
october,a,1,Q3,Myosotis arvensis,NA
october,a,1,Q3,Plantago lanceolata,NA
october,a,1,Q3,Polpaver dubium,NA
october,a,1,Q3,Raphanus raphanistrum,NA
october,a,1,Q3,Rumex acetosella,NA
october,a,1,Q3,Rumex crispus,NA
october,a,1,Q3,Rumex obtusifolia,NA
october,a,1,Q3,Semecio jacobaea,NA
october,a,1,Q3,Sonchus asper,NA
october,a,1,Q3,Spergula arvensis,NA
october,a,1,Q3,Stellaria graminea,1
october,a,1,Q3,Taraxacum officinale,NA
october,a,1,Q3,Tripleurospermum inodorum,NA
october,a,1,Q3,Veronica arvensis,NA
october,a,1,Q3,Veronica persica,NA
october,a,1,Q3,Viola arvensis,1
october,a,1,Q3,Vulpia myuros,NA
october,a,1,Q4,Achillea millefolium,20
october,a,1,Q4,Agrostis gigantea,NA
october,a,1,Q4,Anagallis arvensis,NA
october,a,1,Q4,Anchusa arvensis,1
october,a,1,Q4,Anisantha sterilis,NA
october,a,1,Q4,Aphanes australis,NA
october,a,1,Q4,Artemesia vulgaris,NA
october,a,1,Q4,Bromus hordaceus,NA
october,a,1,Q4,Cerastium glomeratun,NA
october,a,1,Q4,Chenopodium album,NA
october,a,1,Q4,Cirsium arvense,NA
october,a,1,Q4,Conyza canadensis,NA
october,a,1,Q4,Crepis capillaris,NA
october,a,1,Q4,Crepis paludos,NA
october,a,1,Q4,Elytrigia repens,NA
october,a,1,Q4,Epilobium ciliatum,NA
october,a,1,Q4,Erodium cicutarium,NA
october,a,1,Q4,Fallopia convolvulus,NA
october,a,1,Q4,Festuca rubra,NA
october,a,1,Q4,Geranium molle,NA
october,a,1,Q4,Holcus mollis,124
october,a,1,Q4,Hypochaeris radicata,NA
october,a,1,Q4,Lactuca serriola,NA
october,a,1,Q4,Medicago lupulina,NA
october,a,1,Q4,Myosotis arvensis,NA
october,a,1,Q4,Plantago lanceolata,NA
october,a,1,Q4,Polpaver dubium,NA
october,a,1,Q4,Raphanus raphanistrum,NA
october,a,1,Q4,Rumex acetosella,6
october,a,1,Q4,Rumex crispus,NA
october,a,1,Q4,Rumex obtusifolia,NA
october,a,1,Q4,Semecio jacobaea,NA
october,a,1,Q4,Sonchus asper,NA
october,a,1,Q4,Spergula arvensis,NA
october,a,1,Q4,Stellaria graminea,NA
october,a,1,Q4,Taraxacum officinale,NA
october,a,1,Q4,Tripleurospermum inodorum,NA
october,a,1,Q4,Veronica arvensis,NA
october,a,1,Q4,Veronica persica,NA
october,a,1,Q4,Viola arvensis,1
october,a,1,Q4,Vulpia myuros,NA
october,a,1,Q5,Achillea millefolium,6
october,a,1,Q5,Agrostis gigantea,15
october,a,1,Q5,Anagallis arvensis,NA
october,a,1,Q5,Anchusa arvensis,NA
october,a,1,Q5,Anisantha sterilis,5
october,a,1,Q5,Aphanes australis,NA
october,a,1,Q5,Artemesia vulgaris,NA
october,a,1,Q5,Bromus hordaceus,NA
october,a,1,Q5,Cerastium glomeratun,NA
october,a,1,Q5,Chenopodium album,NA
october,a,1,Q5,Cirsium arvense,NA
october,a,1,Q5,Conyza canadensis,NA
october,a,1,Q5,Crepis capillaris,NA
october,a,1,Q5,Crepis paludos,NA
october,a,1,Q5,Elytrigia repens,NA
october,a,1,Q5,Epilobium ciliatum,NA
october,a,1,Q5,Erodium cicutarium,NA
october,a,1,Q5,Fallopia convolvulus,NA
october,a,1,Q5,Festuca rubra,NA
october,a,1,Q5,Geranium molle,NA
october,a,1,Q5,Holcus mollis,115
october,a,1,Q5,Hypochaeris radicata,NA
october,a,1,Q5,Lactuca serriola,NA
october,a,1,Q5,Medicago lupulina,NA
october,a,1,Q5,Myosotis arvensis,NA
october,a,1,Q5,Plantago lanceolata,NA
october,a,1,Q5,Polpaver dubium,NA
october,a,1,Q5,Raphanus raphanistrum,NA
october,a,1,Q5,Rumex acetosella,1
october,a,1,Q5,Rumex crispus,NA
october,a,1,Q5,Rumex obtusifolia,NA
october,a,1,Q5,Semecio jacobaea,NA
october,a,1,Q5,Sonchus asper,NA
october,a,1,Q5,Spergula arvensis,NA
october,a,1,Q5,Stellaria graminea,1
october,a,1,Q5,Taraxacum officinale,10
october,a,1,Q5,Tripleurospermum inodorum,NA
october,a,1,Q5,Veronica arvensis,NA
october,a,1,Q5,Veronica persica,NA
october,a,1,Q5,Viola arvensis,NA
october,a,1,Q5,Vulpia myuros,7
may,a,2,Q1,Achillea millefolium,4
may,a,2,Q1,Agrostis gigantea,NA
may,a,2,Q1,Anagallis arvensis,NA
may,a,2,Q1,Anchusa arvensis,1
may,a,2,Q1,Anisantha sterilis,NA
may,a,2,Q1,Aphanes australis,NA
may,a,2,Q1,Artemesia vulgaris,NA
may,a,2,Q1,Bromus hordaceus,NA
may,a,2,Q1,Cerastium glomeratun,NA
may,a,2,Q1,Chenopodium album,7
may,a,2,Q1,Cirsium arvense,1
may,a,2,Q1,Conyza canadensis,NA
may,a,2,Q1,Crepis capillaris,NA
may,a,2,Q1,Crepis paludos,NA
may,a,2,Q1,Elytrigia repens,NA
may,a,2,Q1,Epilobium ciliatum,NA
may,a,2,Q1,Erodium cicutarium,16
may,a,2,Q1,Fallopia convolvulus,12
may,a,2,Q1,Festuca rubra,NA
may,a,2,Q1,Geranium molle,NA
may,a,2,Q1,Holcus mollis,120
may,a,2,Q1,Hypochaeris radicata,NA
may,a,2,Q1,Lactuca serriola,NA
may,a,2,Q1,Medicago lupulina,NA
may,a,2,Q1,Myosotis arvensis,NA
may,a,2,Q1,Plantago lanceolata,NA
may,a,2,Q1,Polpaver dubium,NA
may,a,2,Q1,Raphanus raphanistrum,NA
may,a,2,Q1,Rumex acetosella,1
may,a,2,Q1,Rumex crispus,NA
may,a,2,Q1,Rumex obtusifolia,NA
may,a,2,Q1,Semecio jacobaea,NA
may,a,2,Q1,Sonchus asper,NA
may,a,2,Q1,Spergula arvensis,2
may,a,2,Q1,Stellaria graminea,NA
may,a,2,Q1,Taraxacum officinale,NA
may,a,2,Q1,Tripleurospermum inodorum,NA
may,a,2,Q1,Veronica arvensis,NA
may,a,2,Q1,Veronica persica,2
may,a,2,Q1,Viola arvensis,NA
may,a,2,Q1,Vulpia myuros,NA
may,a,2,Q2,Achillea millefolium,NA
may,a,2,Q2,Agrostis gigantea,NA
may,a,2,Q2,Anagallis arvensis,NA
may,a,2,Q2,Anchusa arvensis,NA
may,a,2,Q2,Anisantha sterilis,NA
may,a,2,Q2,Aphanes australis,NA
may,a,2,Q2,Artemesia vulgaris,4
may,a,2,Q2,Bromus hordaceus,NA
may,a,2,Q2,Cerastium glomeratun,NA
may,a,2,Q2,Chenopodium album,NA
may,a,2,Q2,Cirsium arvense,NA
may,a,2,Q2,Conyza canadensis,NA
may,a,2,Q2,Crepis capillaris,NA
may,a,2,Q2,Crepis paludos,NA
may,a,2,Q2,Elytrigia repens,NA
may,a,2,Q2,Epilobium ciliatum,NA
may,a,2,Q2,Erodium cicutarium,3
may,a,2,Q2,Fallopia convolvulus,3
may,a,2,Q2,Festuca rubra,NA
may,a,2,Q2,Geranium molle,5
may,a,2,Q2,Holcus mollis,70
may,a,2,Q2,Hypochaeris radicata,NA
may,a,2,Q2,Lactuca serriola,NA
may,a,2,Q2,Medicago lupulina,NA
may,a,2,Q2,Myosotis arvensis,NA
may,a,2,Q2,Plantago lanceolata,NA
may,a,2,Q2,Polpaver dubium,NA
may,a,2,Q2,Raphanus raphanistrum,NA
may,a,2,Q2,Rumex acetosella,NA
may,a,2,Q2,Rumex crispus,NA
may,a,2,Q2,Rumex obtusifolia,NA
may,a,2,Q2,Semecio jacobaea,NA
may,a,2,Q2,Sonchus asper,2
may,a,2,Q2,Spergula arvensis,NA
may,a,2,Q2,Stellaria graminea,NA
may,a,2,Q2,Taraxacum officinale,1
may,a,2,Q2,Tripleurospermum inodorum,NA
may,a,2,Q2,Veronica arvensis,NA
may,a,2,Q2,Veronica persica,NA
may,a,2,Q2,Viola arvensis,NA
may,a,2,Q2,Vulpia myuros,NA
may,a,2,Q3,Achillea millefolium,NA
may,a,2,Q3,Agrostis gigantea,NA
may,a,2,Q3,Anagallis arvensis,NA
may,a,2,Q3,Anchusa arvensis,NA
may,a,2,Q3,Anisantha sterilis,NA
may,a,2,Q3,Aphanes australis,NA
may,a,2,Q3,Artemesia vulgaris,NA
may,a,2,Q3,Bromus hordaceus,NA
may,a,2,Q3,Cerastium glomeratun,NA
may,a,2,Q3,Chenopodium album,NA
may,a,2,Q3,Cirsium arvense,NA
may,a,2,Q3,Conyza canadensis,NA
may,a,2,Q3,Crepis capillaris,NA
may,a,2,Q3,Crepis paludos,NA
may,a,2,Q3,Elytrigia repens,NA
may,a,2,Q3,Epilobium ciliatum,NA
may,a,2,Q3,Erodium cicutarium,2
may,a,2,Q3,Fallopia convolvulus,13
may,a,2,Q3,Festuca rubra,NA
may,a,2,Q3,Geranium molle,NA
may,a,2,Q3,Holcus mollis,83
may,a,2,Q3,Hypochaeris radicata,NA
may,a,2,Q3,Lactuca serriola,NA
may,a,2,Q3,Medicago lupulina,NA
may,a,2,Q3,Myosotis arvensis,NA
may,a,2,Q3,Plantago lanceolata,NA
may,a,2,Q3,Polpaver dubium,NA
may,a,2,Q3,Raphanus raphanistrum,NA
may,a,2,Q3,Rumex acetosella,NA
may,a,2,Q3,Rumex crispus,NA
may,a,2,Q3,Rumex obtusifolia,NA
may,a,2,Q3,Semecio jacobaea,NA
may,a,2,Q3,Sonchus asper,4
may,a,2,Q3,Spergula arvensis,4
may,a,2,Q3,Stellaria graminea,NA
may,a,2,Q3,Taraxacum officinale,NA
may,a,2,Q3,Tripleurospermum inodorum,NA
may,a,2,Q3,Veronica arvensis,NA
may,a,2,Q3,Veronica persica,1
may,a,2,Q3,Viola arvensis,NA
may,a,2,Q3,Vulpia myuros,NA
may,a,2,Q4,Achillea millefolium,NA
may,a,2,Q4,Agrostis gigantea,NA
may,a,2,Q4,Anagallis arvensis,NA
may,a,2,Q4,Anchusa arvensis,NA
may,a,2,Q4,Anisantha sterilis,NA
may,a,2,Q4,Aphanes australis,NA
may,a,2,Q4,Artemesia vulgaris,NA
may,a,2,Q4,Bromus hordaceus,NA
may,a,2,Q4,Cerastium glomeratun,NA
may,a,2,Q4,Chenopodium album,NA
may,a,2,Q4,Cirsium arvense,NA
may,a,2,Q4,Conyza canadensis,NA
may,a,2,Q4,Crepis capillaris,NA
may,a,2,Q4,Crepis paludos,NA
may,a,2,Q4,Elytrigia repens,NA
may,a,2,Q4,Epilobium ciliatum,NA
may,a,2,Q4,Erodium cicutarium,6
may,a,2,Q4,Fallopia convolvulus,8
may,a,2,Q4,Festuca rubra,NA
may,a,2,Q4,Geranium molle,NA
may,a,2,Q4,Holcus mollis,79
may,a,2,Q4,Hypochaeris radicata,NA
may,a,2,Q4,Lactuca serriola,NA
may,a,2,Q4,Medicago lupulina,NA
may,a,2,Q4,Myosotis arvensis,NA
may,a,2,Q4,Plantago lanceolata,NA
may,a,2,Q4,Polpaver dubium,NA
may,a,2,Q4,Raphanus raphanistrum,NA
may,a,2,Q4,Rumex acetosella,5
may,a,2,Q4,Rumex crispus,NA
may,a,2,Q4,Rumex obtusifolia,NA
may,a,2,Q4,Semecio jacobaea,NA
may,a,2,Q4,Sonchus asper,NA
may,a,2,Q4,Spergula arvensis,3
may,a,2,Q4,Stellaria graminea,NA
may,a,2,Q4,Taraxacum officinale,NA
may,a,2,Q4,Tripleurospermum inodorum,NA
may,a,2,Q4,Veronica arvensis,NA
may,a,2,Q4,Veronica persica,4
may,a,2,Q4,Viola arvensis,NA
may,a,2,Q4,Vulpia myuros,NA
may,a,2,Q5,Achillea millefolium,NA
may,a,2,Q5,Agrostis gigantea,2
may,a,2,Q5,Anagallis arvensis,2
may,a,2,Q5,Anchusa arvensis,NA
may,a,2,Q5,Anisantha sterilis,NA
may,a,2,Q5,Aphanes australis,NA
may,a,2,Q5,Artemesia vulgaris,NA
may,a,2,Q5,Bromus hordaceus,NA
may,a,2,Q5,Cerastium glomeratun,NA
may,a,2,Q5,Chenopodium album,5
may,a,2,Q5,Cirsium arvense,9
may,a,2,Q5,Conyza canadensis,NA
may,a,2,Q5,Crepis capillaris,NA
may,a,2,Q5,Crepis paludos,NA
may,a,2,Q5,Elytrigia repens,NA
may,a,2,Q5,Epilobium ciliatum,NA
may,a,2,Q5,Erodium cicutarium,NA
may,a,2,Q5,Fallopia convolvulus,NA
may,a,2,Q5,Festuca rubra,NA
may,a,2,Q5,Geranium molle,NA
may,a,2,Q5,Holcus mollis,89
may,a,2,Q5,Hypochaeris radicata,NA
may,a,2,Q5,Lactuca serriola,NA
may,a,2,Q5,Medicago lupulina,NA
may,a,2,Q5,Myosotis arvensis,NA
may,a,2,Q5,Plantago lanceolata,NA
may,a,2,Q5,Polpaver dubium,NA
may,a,2,Q5,Raphanus raphanistrum,NA
may,a,2,Q5,Rumex acetosella,3
may,a,2,Q5,Rumex crispus,NA
may,a,2,Q5,Rumex obtusifolia,NA
may,a,2,Q5,Semecio jacobaea,NA
may,a,2,Q5,Sonchus asper,4
may,a,2,Q5,Spergula arvensis,NA
may,a,2,Q5,Stellaria graminea,NA
may,a,2,Q5,Taraxacum officinale,NA
may,a,2,Q5,Tripleurospermum inodorum,NA
may,a,2,Q5,Veronica arvensis,NA
may,a,2,Q5,Veronica persica,6
may,a,2,Q5,Viola arvensis,NA
may,a,2,Q5,Vulpia myuros,NA
march,a,3,Q1,Achillea millefolium,1
march,a,3,Q1,Agrostis gigantea,8
march,a,3,Q1,Anagallis arvensis,NA
march,a,3,Q1,Anchusa arvensis,NA
march,a,3,Q1,Anisantha sterilis,NA
march,a,3,Q1,Aphanes australis,NA
march,a,3,Q1,Artemesia vulgaris,9
march,a,3,Q1,Bromus hordaceus,NA
march,a,3,Q1,Cerastium glomeratun,NA
march,a,3,Q1,Chenopodium album,NA
march,a,3,Q1,Cirsium arvense,NA
march,a,3,Q1,Conyza canadensis,NA
march,a,3,Q1,Crepis capillaris,NA
march,a,3,Q1,Crepis paludos,NA
march,a,3,Q1,Elytrigia repens,NA
march,a,3,Q1,Epilobium ciliatum,NA
march,a,3,Q1,Erodium cicutarium,NA
march,a,3,Q1,Fallopia convolvulus,NA
march,a,3,Q1,Festuca rubra,NA
march,a,3,Q1,Geranium molle,NA
march,a,3,Q1,Holcus mollis,46
march,a,3,Q1,Hypochaeris radicata,NA
march,a,3,Q1,Lactuca serriola,NA
march,a,3,Q1,Medicago lupulina,NA
march,a,3,Q1,Myosotis arvensis,NA
march,a,3,Q1,Plantago lanceolata,NA
march,a,3,Q1,Polpaver dubium,NA
march,a,3,Q1,Raphanus raphanistrum,NA
march,a,3,Q1,Rumex acetosella,3
march,a,3,Q1,Rumex crispus,NA
march,a,3,Q1,Rumex obtusifolia,2
march,a,3,Q1,Semecio jacobaea,NA
march,a,3,Q1,Sonchus asper,NA
march,a,3,Q1,Spergula arvensis,NA
march,a,3,Q1,Stellaria graminea,NA
march,a,3,Q1,Taraxacum officinale,NA
march,a,3,Q1,Tripleurospermum inodorum,NA
march,a,3,Q1,Veronica arvensis,NA
march,a,3,Q1,Veronica persica,NA
march,a,3,Q1,Viola arvensis,1
march,a,3,Q1,Vulpia myuros,NA
march,a,3,Q2,Achillea millefolium,2
march,a,3,Q2,Agrostis gigantea,NA
march,a,3,Q2,Anagallis arvensis,NA
march,a,3,Q2,Anchusa arvensis,NA
march,a,3,Q2,Anisantha sterilis,NA
march,a,3,Q2,Aphanes australis,NA
march,a,3,Q2,Artemesia vulgaris,1
march,a,3,Q2,Bromus hordaceus,NA
march,a,3,Q2,Cerastium glomeratun,NA
march,a,3,Q2,Chenopodium album,NA
march,a,3,Q2,Cirsium arvense,NA
march,a,3,Q2,Conyza canadensis,NA
march,a,3,Q2,Crepis capillaris,NA
march,a,3,Q2,Crepis paludos,NA
march,a,3,Q2,Elytrigia repens,NA
march,a,3,Q2,Epilobium ciliatum,NA
march,a,3,Q2,Erodium cicutarium,NA
march,a,3,Q2,Fallopia convolvulus,NA
march,a,3,Q2,Festuca rubra,NA
march,a,3,Q2,Geranium molle,NA
march,a,3,Q2,Holcus mollis,27
march,a,3,Q2,Hypochaeris radicata,NA
march,a,3,Q2,Lactuca serriola,NA
march,a,3,Q2,Medicago lupulina,8
march,a,3,Q2,Myosotis arvensis,NA
march,a,3,Q2,Plantago lanceolata,NA
march,a,3,Q2,Polpaver dubium,NA
march,a,3,Q2,Raphanus raphanistrum,NA
march,a,3,Q2,Rumex acetosella,NA
march,a,3,Q2,Rumex crispus,NA
march,a,3,Q2,Rumex obtusifolia,NA
march,a,3,Q2,Semecio jacobaea,NA
march,a,3,Q2,Sonchus asper,NA
march,a,3,Q2,Spergula arvensis,NA
march,a,3,Q2,Stellaria graminea,NA
march,a,3,Q2,Taraxacum officinale,NA
march,a,3,Q2,Tripleurospermum inodorum,NA
march,a,3,Q2,Veronica arvensis,1
march,a,3,Q2,Veronica persica,NA
march,a,3,Q2,Viola arvensis,NA
march,a,3,Q2,Vulpia myuros,NA
march,a,3,Q3,Achillea millefolium,5
march,a,3,Q3,Agrostis gigantea,53
march,a,3,Q3,Anagallis arvensis,NA
march,a,3,Q3,Anchusa arvensis,NA
march,a,3,Q3,Anisantha sterilis,NA
march,a,3,Q3,Aphanes australis,NA
march,a,3,Q3,Artemesia vulgaris,14
march,a,3,Q3,Bromus hordaceus,NA
march,a,3,Q3,Cerastium glomeratun,NA
march,a,3,Q3,Chenopodium album,NA
march,a,3,Q3,Cirsium arvense,NA
march,a,3,Q3,Conyza canadensis,NA
march,a,3,Q3,Crepis capillaris,NA
march,a,3,Q3,Crepis paludos,NA
march,a,3,Q3,Elytrigia repens,NA
march,a,3,Q3,Epilobium ciliatum,NA
march,a,3,Q3,Erodium cicutarium,NA
march,a,3,Q3,Fallopia convolvulus,NA
march,a,3,Q3,Festuca rubra,NA
march,a,3,Q3,Geranium molle,NA
march,a,3,Q3,Holcus mollis,23
march,a,3,Q3,Hypochaeris radicata,NA
march,a,3,Q3,Lactuca serriola,NA
march,a,3,Q3,Medicago lupulina,21
march,a,3,Q3,Myosotis arvensis,NA
march,a,3,Q3,Plantago lanceolata,NA
march,a,3,Q3,Polpaver dubium,NA
march,a,3,Q3,Raphanus raphanistrum,NA
march,a,3,Q3,Rumex acetosella,2
march,a,3,Q3,Rumex crispus,2
march,a,3,Q3,Rumex obtusifolia,4
march,a,3,Q3,Semecio jacobaea,NA
march,a,3,Q3,Sonchus asper,NA
march,a,3,Q3,Spergula arvensis,NA
march,a,3,Q3,Stellaria graminea,NA
march,a,3,Q3,Taraxacum officinale,NA
march,a,3,Q3,Tripleurospermum inodorum,NA
march,a,3,Q3,Veronica arvensis,NA
march,a,3,Q3,Veronica persica,NA
march,a,3,Q3,Viola arvensis,NA
march,a,3,Q3,Vulpia myuros,NA
march,a,3,Q4,Achillea millefolium,12
march,a,3,Q4,Agrostis gigantea,16
march,a,3,Q4,Anagallis arvensis,NA
march,a,3,Q4,Anchusa arvensis,NA
march,a,3,Q4,Anisantha sterilis,NA
march,a,3,Q4,Aphanes australis,NA
march,a,3,Q4,Artemesia vulgaris,13
march,a,3,Q4,Bromus hordaceus,NA
march,a,3,Q4,Cerastium glomeratun,NA
march,a,3,Q4,Chenopodium album,NA
march,a,3,Q4,Cirsium arvense,NA
march,a,3,Q4,Conyza canadensis,NA
march,a,3,Q4,Crepis capillaris,NA
march,a,3,Q4,Crepis paludos,NA
march,a,3,Q4,Elytrigia repens,NA
march,a,3,Q4,Epilobium ciliatum,NA
march,a,3,Q4,Erodium cicutarium,NA
march,a,3,Q4,Fallopia convolvulus,NA
march,a,3,Q4,Festuca rubra,NA
march,a,3,Q4,Geranium molle,NA
march,a,3,Q4,Holcus mollis,18
march,a,3,Q4,Hypochaeris radicata,NA
march,a,3,Q4,Lactuca serriola,NA
march,a,3,Q4,Medicago lupulina,11
march,a,3,Q4,Myosotis arvensis,NA
march,a,3,Q4,Plantago lanceolata,NA
march,a,3,Q4,Polpaver dubium,NA
march,a,3,Q4,Raphanus raphanistrum,NA
march,a,3,Q4,Rumex acetosella,4
march,a,3,Q4,Rumex crispus,NA
march,a,3,Q4,Rumex obtusifolia,9
march,a,3,Q4,Semecio jacobaea,NA
march,a,3,Q4,Sonchus asper,NA
march,a,3,Q4,Spergula arvensis,NA
march,a,3,Q4,Stellaria graminea,NA
march,a,3,Q4,Taraxacum officinale,NA
march,a,3,Q4,Tripleurospermum inodorum,NA
march,a,3,Q4,Veronica arvensis,NA
march,a,3,Q4,Veronica persica,NA
march,a,3,Q4,Viola arvensis,NA
march,a,3,Q4,Vulpia myuros,NA
march,a,3,Q5,Achillea millefolium,2
march,a,3,Q5,Agrostis gigantea,47
march,a,3,Q5,Anagallis arvensis,NA
march,a,3,Q5,Anchusa arvensis,NA
march,a,3,Q5,Anisantha sterilis,NA
march,a,3,Q5,Aphanes australis,NA
march,a,3,Q5,Artemesia vulgaris,5
march,a,3,Q5,Bromus hordaceus,NA
march,a,3,Q5,Cerastium glomeratun,NA
march,a,3,Q5,Chenopodium album,NA
march,a,3,Q5,Cirsium arvense,NA
march,a,3,Q5,Conyza canadensis,NA
march,a,3,Q5,Crepis capillaris,NA
march,a,3,Q5,Crepis paludos,NA
march,a,3,Q5,Elytrigia repens,NA
march,a,3,Q5,Epilobium ciliatum,NA
march,a,3,Q5,Erodium cicutarium,NA
march,a,3,Q5,Fallopia convolvulus,NA
march,a,3,Q5,Festuca rubra,NA
march,a,3,Q5,Geranium molle,NA
march,a,3,Q5,Holcus mollis,27
march,a,3,Q5,Hypochaeris radicata,NA
march,a,3,Q5,Lactuca serriola,NA
march,a,3,Q5,Medicago lupulina,59
march,a,3,Q5,Myosotis arvensis,NA
march,a,3,Q5,Plantago lanceolata,NA
march,a,3,Q5,Polpaver dubium,NA
march,a,3,Q5,Raphanus raphanistrum,NA
march,a,3,Q5,Rumex acetosella,NA
march,a,3,Q5,Rumex crispus,NA
march,a,3,Q5,Rumex obtusifolia,NA
march,a,3,Q5,Semecio jacobaea,NA
march,a,3,Q5,Sonchus asper,NA
march,a,3,Q5,Spergula arvensis,NA
march,a,3,Q5,Stellaria graminea,NA
march,a,3,Q5,Taraxacum officinale,1
march,a,3,Q5,Tripleurospermum inodorum,NA
march,a,3,Q5,Veronica arvensis,NA
march,a,3,Q5,Veronica persica,NA
march,a,3,Q5,Viola arvensis,NA
march,a,3,Q5,Vulpia myuros,NA
march,a,3,Q6,Achillea millefolium,NA
march,a,3,Q6,Agrostis gigantea,12
march,a,3,Q6,Anagallis arvensis,NA
march,a,3,Q6,Anchusa arvensis,NA
march,a,3,Q6,Anisantha sterilis,NA
march,a,3,Q6,Aphanes australis,NA
march,a,3,Q6,Artemesia vulgaris,29
march,a,3,Q6,Bromus hordaceus,NA
march,a,3,Q6,Cerastium glomeratun,NA
march,a,3,Q6,Chenopodium album,NA
march,a,3,Q6,Cirsium arvense,NA
march,a,3,Q6,Conyza canadensis,NA
march,a,3,Q6,Crepis capillaris,NA
march,a,3,Q6,Crepis paludos,NA
march,a,3,Q6,Elytrigia repens,NA
march,a,3,Q6,Epilobium ciliatum,NA
march,a,3,Q6,Erodium cicutarium,NA
march,a,3,Q6,Fallopia convolvulus,NA
march,a,3,Q6,Festuca rubra,NA
march,a,3,Q6,Geranium molle,NA
march,a,3,Q6,Holcus mollis,NA
march,a,3,Q6,Hypochaeris radicata,NA
march,a,3,Q6,Lactuca serriola,NA
march,a,3,Q6,Medicago lupulina,3
march,a,3,Q6,Myosotis arvensis,NA
march,a,3,Q6,Plantago lanceolata,1
march,a,3,Q6,Polpaver dubium,NA
march,a,3,Q6,Raphanus raphanistrum,NA
march,a,3,Q6,Rumex acetosella,NA
march,a,3,Q6,Rumex crispus,NA
march,a,3,Q6,Rumex obtusifolia,3
march,a,3,Q6,Semecio jacobaea,NA
march,a,3,Q6,Sonchus asper,NA
march,a,3,Q6,Spergula arvensis,NA
march,a,3,Q6,Stellaria graminea,NA
march,a,3,Q6,Taraxacum officinale,NA
march,a,3,Q6,Tripleurospermum inodorum,NA
march,a,3,Q6,Veronica arvensis,NA
march,a,3,Q6,Veronica persica,NA
march,a,3,Q6,Viola arvensis,NA
march,a,3,Q6,Vulpia myuros,NA
may,b,4,Q1,Achillea millefolium,NA
may,b,4,Q1,Agrostis gigantea,68
may,b,4,Q1,Anagallis arvensis,NA
may,b,4,Q1,Anchusa arvensis,NA
may,b,4,Q1,Anisantha sterilis,62
may,b,4,Q1,Aphanes australis,NA
may,b,4,Q1,Artemesia vulgaris,NA
may,b,4,Q1,Bromus hordaceus,NA
may,b,4,Q1,Cerastium glomeratun,NA
may,b,4,Q1,Chenopodium album,3
may,b,4,Q1,Cirsium arvense,NA
may,b,4,Q1,Conyza canadensis,NA
may,b,4,Q1,Crepis capillaris,1
may,b,4,Q1,Crepis paludos,NA
may,b,4,Q1,Elytrigia repens,9
may,b,4,Q1,Epilobium ciliatum,NA
may,b,4,Q1,Erodium cicutarium,NA
may,b,4,Q1,Fallopia convolvulus,NA
may,b,4,Q1,Festuca rubra,NA
may,b,4,Q1,Geranium molle,3
may,b,4,Q1,Holcus mollis,NA
may,b,4,Q1,Hypochaeris radicata,NA
may,b,4,Q1,Lactuca serriola,NA
may,b,4,Q1,Medicago lupulina,NA
may,b,4,Q1,Myosotis arvensis,NA
may,b,4,Q1,Plantago lanceolata,NA
may,b,4,Q1,Polpaver dubium,NA
may,b,4,Q1,Raphanus raphanistrum,NA
may,b,4,Q1,Rumex acetosella,NA
may,b,4,Q1,Rumex crispus,NA
may,b,4,Q1,Rumex obtusifolia,NA
may,b,4,Q1,Semecio jacobaea,NA
may,b,4,Q1,Sonchus asper,3
may,b,4,Q1,Spergula arvensis,4
may,b,4,Q1,Stellaria graminea,NA
may,b,4,Q1,Taraxacum officinale,NA
may,b,4,Q1,Tripleurospermum inodorum,NA
may,b,4,Q1,Veronica arvensis,NA
may,b,4,Q1,Veronica persica,4
may,b,4,Q1,Viola arvensis,NA
may,b,4,Q1,Vulpia myuros,NA
may,b,4,Q2,Achillea millefolium,NA
may,b,4,Q2,Agrostis gigantea,57
may,b,4,Q2,Anagallis arvensis,1
may,b,4,Q2,Anchusa arvensis,3
may,b,4,Q2,Anisantha sterilis,48
may,b,4,Q2,Aphanes australis,NA
may,b,4,Q2,Artemesia vulgaris,1
may,b,4,Q2,Bromus hordaceus,NA
may,b,4,Q2,Cerastium glomeratun,NA
may,b,4,Q2,Chenopodium album,NA
may,b,4,Q2,Cirsium arvense,NA
may,b,4,Q2,Conyza canadensis,NA
may,b,4,Q2,Crepis capillaris,NA
may,b,4,Q2,Crepis paludos,NA
may,b,4,Q2,Elytrigia repens,5
may,b,4,Q2,Epilobium ciliatum,NA
may,b,4,Q2,Erodium cicutarium,8
may,b,4,Q2,Fallopia convolvulus,2
may,b,4,Q2,Festuca rubra,NA
may,b,4,Q2,Geranium molle,NA
may,b,4,Q2,Holcus mollis,1
may,b,4,Q2,Hypochaeris radicata,NA
may,b,4,Q2,Lactuca serriola,NA
may,b,4,Q2,Medicago lupulina,NA
may,b,4,Q2,Myosotis arvensis,NA
may,b,4,Q2,Plantago lanceolata,NA
may,b,4,Q2,Polpaver dubium,NA
may,b,4,Q2,Raphanus raphanistrum,NA
may,b,4,Q2,Rumex acetosella,NA
may,b,4,Q2,Rumex crispus,NA
may,b,4,Q2,Rumex obtusifolia,NA
may,b,4,Q2,Semecio jacobaea,NA
may,b,4,Q2,Sonchus asper,2
may,b,4,Q2,Spergula arvensis,10
may,b,4,Q2,Stellaria graminea,NA
may,b,4,Q2,Taraxacum officinale,NA
may,b,4,Q2,Tripleurospermum inodorum,NA
may,b,4,Q2,Veronica arvensis,NA
may,b,4,Q2,Veronica persica,2
may,b,4,Q2,Viola arvensis,NA
may,b,4,Q2,Vulpia myuros,NA
may,b,4,Q3,Achillea millefolium,NA
may,b,4,Q3,Agrostis gigantea,83
may,b,4,Q3,Anagallis arvensis,NA
may,b,4,Q3,Anchusa arvensis,2
may,b,4,Q3,Anisantha sterilis,78
may,b,4,Q3,Aphanes australis,NA
may,b,4,Q3,Artemesia vulgaris,NA
may,b,4,Q3,Bromus hordaceus,NA
may,b,4,Q3,Cerastium glomeratun,NA
may,b,4,Q3,Chenopodium album,NA
may,b,4,Q3,Cirsium arvense,NA
may,b,4,Q3,Conyza canadensis,NA
may,b,4,Q3,Crepis capillaris,NA
may,b,4,Q3,Crepis paludos,NA
may,b,4,Q3,Elytrigia repens,9
may,b,4,Q3,Epilobium ciliatum,NA
may,b,4,Q3,Erodium cicutarium,4
may,b,4,Q3,Fallopia convolvulus,NA
may,b,4,Q3,Festuca rubra,NA
may,b,4,Q3,Geranium molle,NA
may,b,4,Q3,Holcus mollis,NA
may,b,4,Q3,Hypochaeris radicata,NA
may,b,4,Q3,Lactuca serriola,NA
may,b,4,Q3,Medicago lupulina,NA
may,b,4,Q3,Myosotis arvensis,NA
may,b,4,Q3,Plantago lanceolata,NA
may,b,4,Q3,Polpaver dubium,NA
may,b,4,Q3,Raphanus raphanistrum,NA
may,b,4,Q3,Rumex acetosella,NA
may,b,4,Q3,Rumex crispus,NA
may,b,4,Q3,Rumex obtusifolia,NA
may,b,4,Q3,Semecio jacobaea,NA
may,b,4,Q3,Sonchus asper,5
may,b,4,Q3,Spergula arvensis,4
may,b,4,Q3,Stellaria graminea,NA
may,b,4,Q3,Taraxacum officinale,1
may,b,4,Q3,Tripleurospermum inodorum,NA
may,b,4,Q3,Veronica arvensis,NA
may,b,4,Q3,Veronica persica,3
may,b,4,Q3,Viola arvensis,NA
may,b,4,Q3,Vulpia myuros,NA
may,b,4,Q4,Achillea millefolium,NA
may,b,4,Q4,Agrostis gigantea,88
may,b,4,Q4,Anagallis arvensis,2
may,b,4,Q4,Anchusa arvensis,NA
may,b,4,Q4,Anisantha sterilis,12
may,b,4,Q4,Aphanes australis,NA
may,b,4,Q4,Artemesia vulgaris,2
may,b,4,Q4,Bromus hordaceus,NA
may,b,4,Q4,Cerastium glomeratun,NA
may,b,4,Q4,Chenopodium album,NA
may,b,4,Q4,Cirsium arvense,NA
may,b,4,Q4,Conyza canadensis,NA
may,b,4,Q4,Crepis capillaris,NA
may,b,4,Q4,Crepis paludos,NA
may,b,4,Q4,Elytrigia repens,8
may,b,4,Q4,Epilobium ciliatum,NA
may,b,4,Q4,Erodium cicutarium,3
may,b,4,Q4,Fallopia convolvulus,1
may,b,4,Q4,Festuca rubra,NA
may,b,4,Q4,Geranium molle,2
may,b,4,Q4,Holcus mollis,1
may,b,4,Q4,Hypochaeris radicata,NA
may,b,4,Q4,Lactuca serriola,NA
may,b,4,Q4,Medicago lupulina,NA
may,b,4,Q4,Myosotis arvensis,NA
may,b,4,Q4,Plantago lanceolata,NA
may,b,4,Q4,Polpaver dubium,NA
may,b,4,Q4,Raphanus raphanistrum,NA
may,b,4,Q4,Rumex acetosella,2
may,b,4,Q4,Rumex crispus,NA
may,b,4,Q4,Rumex obtusifolia,NA
may,b,4,Q4,Semecio jacobaea,NA
may,b,4,Q4,Sonchus asper,1
may,b,4,Q4,Spergula arvensis,NA
may,b,4,Q4,Stellaria graminea,NA
may,b,4,Q4,Taraxacum officinale,NA
may,b,4,Q4,Tripleurospermum inodorum,NA
may,b,4,Q4,Veronica arvensis,NA
may,b,4,Q4,Veronica persica,1
may,b,4,Q4,Viola arvensis,NA
may,b,4,Q4,Vulpia myuros,NA
may,b,4,Q5,Achillea millefolium,NA
may,b,4,Q5,Agrostis gigantea,89
may,b,4,Q5,Anagallis arvensis,NA
may,b,4,Q5,Anchusa arvensis,3
may,b,4,Q5,Anisantha sterilis,72
may,b,4,Q5,Aphanes australis,NA
may,b,4,Q5,Artemesia vulgaris,NA
may,b,4,Q5,Bromus hordaceus,NA
may,b,4,Q5,Cerastium glomeratun,NA
may,b,4,Q5,Chenopodium album,NA
may,b,4,Q5,Cirsium arvense,NA
may,b,4,Q5,Conyza canadensis,NA
may,b,4,Q5,Crepis capillaris,NA
may,b,4,Q5,Crepis paludos,NA
may,b,4,Q5,Elytrigia repens,17
may,b,4,Q5,Epilobium ciliatum,NA
may,b,4,Q5,Erodium cicutarium,6
may,b,4,Q5,Fallopia convolvulus,NA
may,b,4,Q5,Festuca rubra,NA
may,b,4,Q5,Geranium molle,1
may,b,4,Q5,Holcus mollis,NA
may,b,4,Q5,Hypochaeris radicata,NA
may,b,4,Q5,Lactuca serriola,NA
may,b,4,Q5,Medicago lupulina,NA
may,b,4,Q5,Myosotis arvensis,NA
may,b,4,Q5,Plantago lanceolata,NA
may,b,4,Q5,Polpaver dubium,NA
may,b,4,Q5,Raphanus raphanistrum,NA
may,b,4,Q5,Rumex acetosella,2
may,b,4,Q5,Rumex crispus,NA
may,b,4,Q5,Rumex obtusifolia,NA
may,b,4,Q5,Semecio jacobaea,NA
may,b,4,Q5,Sonchus asper,5
may,b,4,Q5,Spergula arvensis,6
may,b,4,Q5,Stellaria graminea,NA
may,b,4,Q5,Taraxacum officinale,1
may,b,4,Q5,Tripleurospermum inodorum,NA
may,b,4,Q5,Veronica arvensis,NA
may,b,4,Q5,Veronica persica,7
may,b,4,Q5,Viola arvensis,NA
may,b,4,Q5,Vulpia myuros,NA
march,b,5,Q1,Achillea millefolium,3
march,b,5,Q1,Agrostis gigantea,10
march,b,5,Q1,Anagallis arvensis,NA
march,b,5,Q1,Anchusa arvensis,NA
march,b,5,Q1,Anisantha sterilis,NA
march,b,5,Q1,Aphanes australis,NA
march,b,5,Q1,Artemesia vulgaris,18
march,b,5,Q1,Bromus hordaceus,NA
march,b,5,Q1,Cerastium glomeratun,NA
march,b,5,Q1,Chenopodium album,NA
march,b,5,Q1,Cirsium arvense,NA
march,b,5,Q1,Conyza canadensis,NA
march,b,5,Q1,Crepis capillaris,NA
march,b,5,Q1,Crepis paludos,NA
march,b,5,Q1,Elytrigia repens,NA
march,b,5,Q1,Epilobium ciliatum,NA
march,b,5,Q1,Erodium cicutarium,NA
march,b,5,Q1,Fallopia convolvulus,NA
march,b,5,Q1,Festuca rubra,NA
march,b,5,Q1,Geranium molle,NA
march,b,5,Q1,Holcus mollis,19
march,b,5,Q1,Hypochaeris radicata,NA
march,b,5,Q1,Lactuca serriola,NA
march,b,5,Q1,Medicago lupulina,2
march,b,5,Q1,Myosotis arvensis,NA
march,b,5,Q1,Plantago lanceolata,NA
march,b,5,Q1,Polpaver dubium,NA
march,b,5,Q1,Raphanus raphanistrum,NA
march,b,5,Q1,Rumex acetosella,NA
march,b,5,Q1,Rumex crispus,NA
march,b,5,Q1,Rumex obtusifolia,NA
march,b,5,Q1,Semecio jacobaea,NA
march,b,5,Q1,Sonchus asper,NA
march,b,5,Q1,Spergula arvensis,NA
march,b,5,Q1,Stellaria graminea,NA
march,b,5,Q1,Taraxacum officinale,NA
march,b,5,Q1,Tripleurospermum inodorum,NA
march,b,5,Q1,Veronica arvensis,NA
march,b,5,Q1,Veronica persica,NA
march,b,5,Q1,Viola arvensis,NA
march,b,5,Q1,Vulpia myuros,NA
march,b,5,Q2,Achillea millefolium,8
march,b,5,Q2,Agrostis gigantea,29
march,b,5,Q2,Anagallis arvensis,NA
march,b,5,Q2,Anchusa arvensis,NA
march,b,5,Q2,Anisantha sterilis,NA
march,b,5,Q2,Aphanes australis,NA
march,b,5,Q2,Artemesia vulgaris,15
march,b,5,Q2,Bromus hordaceus,NA
march,b,5,Q2,Cerastium glomeratun,NA
march,b,5,Q2,Chenopodium album,NA
march,b,5,Q2,Cirsium arvense,NA
march,b,5,Q2,Conyza canadensis,NA
march,b,5,Q2,Crepis capillaris,NA
march,b,5,Q2,Crepis paludos,NA
march,b,5,Q2,Elytrigia repens,NA
march,b,5,Q2,Epilobium ciliatum,NA
march,b,5,Q2,Erodium cicutarium,NA
march,b,5,Q2,Fallopia convolvulus,NA
march,b,5,Q2,Festuca rubra,NA
march,b,5,Q2,Geranium molle,NA
march,b,5,Q2,Holcus mollis,16
march,b,5,Q2,Hypochaeris radicata,NA
march,b,5,Q2,Lactuca serriola,NA
march,b,5,Q2,Medicago lupulina,NA
march,b,5,Q2,Myosotis arvensis,NA
march,b,5,Q2,Plantago lanceolata,NA
march,b,5,Q2,Polpaver dubium,NA
march,b,5,Q2,Raphanus raphanistrum,NA
march,b,5,Q2,Rumex acetosella,1
march,b,5,Q2,Rumex crispus,NA
march,b,5,Q2,Rumex obtusifolia,NA
march,b,5,Q2,Semecio jacobaea,NA
march,b,5,Q2,Sonchus asper,NA
march,b,5,Q2,Spergula arvensis,1
march,b,5,Q2,Stellaria graminea,NA
march,b,5,Q2,Taraxacum officinale,NA
march,b,5,Q2,Tripleurospermum inodorum,NA
march,b,5,Q2,Veronica arvensis,NA
march,b,5,Q2,Veronica persica,NA
march,b,5,Q2,Viola arvensis,2
march,b,5,Q2,Vulpia myuros,NA
march,b,5,Q3,Achillea millefolium,3
march,b,5,Q3,Agrostis gigantea,24
march,b,5,Q3,Anagallis arvensis,NA
march,b,5,Q3,Anchusa arvensis,NA
march,b,5,Q3,Anisantha sterilis,NA
march,b,5,Q3,Aphanes australis,NA
march,b,5,Q3,Artemesia vulgaris,18
march,b,5,Q3,Bromus hordaceus,NA
march,b,5,Q3,Cerastium glomeratun,NA
march,b,5,Q3,Chenopodium album,NA
march,b,5,Q3,Cirsium arvense,NA
march,b,5,Q3,Conyza canadensis,NA
march,b,5,Q3,Crepis capillaris,NA
march,b,5,Q3,Crepis paludos,NA
march,b,5,Q3,Elytrigia repens,2
march,b,5,Q3,Epilobium ciliatum,NA
march,b,5,Q3,Erodium cicutarium,NA
march,b,5,Q3,Fallopia convolvulus,NA
march,b,5,Q3,Festuca rubra,NA
march,b,5,Q3,Geranium molle,NA
march,b,5,Q3,Holcus mollis,5
march,b,5,Q3,Hypochaeris radicata,NA
march,b,5,Q3,Lactuca serriola,NA
march,b,5,Q3,Medicago lupulina,2
march,b,5,Q3,Myosotis arvensis,NA
march,b,5,Q3,Plantago lanceolata,NA
march,b,5,Q3,Polpaver dubium,NA
march,b,5,Q3,Raphanus raphanistrum,NA
march,b,5,Q3,Rumex acetosella,1
march,b,5,Q3,Rumex crispus,NA
march,b,5,Q3,Rumex obtusifolia,NA
march,b,5,Q3,Semecio jacobaea,NA
march,b,5,Q3,Sonchus asper,NA
march,b,5,Q3,Spergula arvensis,NA
march,b,5,Q3,Stellaria graminea,NA
march,b,5,Q3,Taraxacum officinale,NA
march,b,5,Q3,Tripleurospermum inodorum,NA
march,b,5,Q3,Veronica arvensis,NA
march,b,5,Q3,Veronica persica,1
march,b,5,Q3,Viola arvensis,NA
march,b,5,Q3,Vulpia myuros,NA
march,b,5,Q4,Achillea millefolium,7
march,b,5,Q4,Agrostis gigantea,24
march,b,5,Q4,Anagallis arvensis,NA
march,b,5,Q4,Anchusa arvensis,NA
march,b,5,Q4,Anisantha sterilis,NA
march,b,5,Q4,Aphanes australis,NA
march,b,5,Q4,Artemesia vulgaris,38
march,b,5,Q4,Bromus hordaceus,NA
march,b,5,Q4,Cerastium glomeratun,NA
march,b,5,Q4,Chenopodium album,NA
march,b,5,Q4,Cirsium arvense,NA
march,b,5,Q4,Conyza canadensis,NA
march,b,5,Q4,Crepis capillaris,NA
march,b,5,Q4,Crepis paludos,NA
march,b,5,Q4,Elytrigia repens,NA
march,b,5,Q4,Epilobium ciliatum,NA
march,b,5,Q4,Erodium cicutarium,NA
march,b,5,Q4,Fallopia convolvulus,NA
march,b,5,Q4,Festuca rubra,NA
march,b,5,Q4,Geranium molle,NA
march,b,5,Q4,Holcus mollis,11
march,b,5,Q4,Hypochaeris radicata,NA
march,b,5,Q4,Lactuca serriola,NA
march,b,5,Q4,Medicago lupulina,7
march,b,5,Q4,Myosotis arvensis,NA
march,b,5,Q4,Plantago lanceolata,NA
march,b,5,Q4,Polpaver dubium,NA
march,b,5,Q4,Raphanus raphanistrum,NA
march,b,5,Q4,Rumex acetosella,NA
march,b,5,Q4,Rumex crispus,NA
march,b,5,Q4,Rumex obtusifolia,NA
march,b,5,Q4,Semecio jacobaea,NA
march,b,5,Q4,Sonchus asper,NA
march,b,5,Q4,Spergula arvensis,NA
march,b,5,Q4,Stellaria graminea,NA
march,b,5,Q4,Taraxacum officinale,NA
march,b,5,Q4,Tripleurospermum inodorum,NA
march,b,5,Q4,Veronica arvensis,NA
march,b,5,Q4,Veronica persica,NA
march,b,5,Q4,Viola arvensis,16
march,b,5,Q4,Vulpia myuros,NA
march,b,5,Q5,Achillea millefolium,20
march,b,5,Q5,Agrostis gigantea,43
march,b,5,Q5,Anagallis arvensis,NA
march,b,5,Q5,Anchusa arvensis,NA
march,b,5,Q5,Anisantha sterilis,NA
march,b,5,Q5,Aphanes australis,NA
march,b,5,Q5,Artemesia vulgaris,14
march,b,5,Q5,Bromus hordaceus,NA
march,b,5,Q5,Cerastium glomeratun,NA
march,b,5,Q5,Chenopodium album,NA
march,b,5,Q5,Cirsium arvense,NA
march,b,5,Q5,Conyza canadensis,NA
march,b,5,Q5,Crepis capillaris,NA
march,b,5,Q5,Crepis paludos,NA
march,b,5,Q5,Elytrigia repens,NA
march,b,5,Q5,Epilobium ciliatum,2
march,b,5,Q5,Erodium cicutarium,NA
march,b,5,Q5,Fallopia convolvulus,NA
march,b,5,Q5,Festuca rubra,NA
march,b,5,Q5,Geranium molle,NA
march,b,5,Q5,Holcus mollis,38
march,b,5,Q5,Hypochaeris radicata,NA
march,b,5,Q5,Lactuca serriola,NA
march,b,5,Q5,Medicago lupulina,NA
march,b,5,Q5,Myosotis arvensis,NA
march,b,5,Q5,Plantago lanceolata,NA
march,b,5,Q5,Polpaver dubium,NA
march,b,5,Q5,Raphanus raphanistrum,NA
march,b,5,Q5,Rumex acetosella,3
march,b,5,Q5,Rumex crispus,NA
march,b,5,Q5,Rumex obtusifolia,NA
march,b,5,Q5,Semecio jacobaea,NA
march,b,5,Q5,Sonchus asper,NA
march,b,5,Q5,Spergula arvensis,NA
march,b,5,Q5,Stellaria graminea,NA
march,b,5,Q5,Taraxacum officinale,NA
march,b,5,Q5,Tripleurospermum inodorum,NA
march,b,5,Q5,Veronica arvensis,NA
march,b,5,Q5,Veronica persica,NA
march,b,5,Q5,Viola arvensis,NA
march,b,5,Q5,Vulpia myuros,NA
october,b,6,Q1,Achillea millefolium,1
october,b,6,Q1,Agrostis gigantea,143
october,b,6,Q1,Anagallis arvensis,NA
october,b,6,Q1,Anchusa arvensis,NA
october,b,6,Q1,Anisantha sterilis,1
october,b,6,Q1,Aphanes australis,NA
october,b,6,Q1,Artemesia vulgaris,NA
october,b,6,Q1,Bromus hordaceus,NA
october,b,6,Q1,Cerastium glomeratun,1
october,b,6,Q1,Chenopodium album,NA
october,b,6,Q1,Cirsium arvense,NA
october,b,6,Q1,Conyza canadensis,NA
october,b,6,Q1,Crepis capillaris,NA
october,b,6,Q1,Crepis paludos,NA
october,b,6,Q1,Elytrigia repens,NA
october,b,6,Q1,Epilobium ciliatum,1
october,b,6,Q1,Erodium cicutarium,NA
october,b,6,Q1,Fallopia convolvulus,5
october,b,6,Q1,Festuca rubra,NA
october,b,6,Q1,Geranium molle,NA
october,b,6,Q1,Holcus mollis,75
october,b,6,Q1,Hypochaeris radicata,NA
october,b,6,Q1,Lactuca serriola,NA
october,b,6,Q1,Medicago lupulina,NA
october,b,6,Q1,Myosotis arvensis,NA
october,b,6,Q1,Plantago lanceolata,NA
october,b,6,Q1,Polpaver dubium,NA
october,b,6,Q1,Raphanus raphanistrum,1
october,b,6,Q1,Rumex acetosella,NA
october,b,6,Q1,Rumex crispus,NA
october,b,6,Q1,Rumex obtusifolia,NA
october,b,6,Q1,Semecio jacobaea,NA
october,b,6,Q1,Sonchus asper,NA
october,b,6,Q1,Spergula arvensis,1
october,b,6,Q1,Stellaria graminea,NA
october,b,6,Q1,Taraxacum officinale,NA
october,b,6,Q1,Tripleurospermum inodorum,1
october,b,6,Q1,Veronica arvensis,NA
october,b,6,Q1,Veronica persica,NA
october,b,6,Q1,Viola arvensis,NA
october,b,6,Q1,Vulpia myuros,NA
october,b,6,Q2,Achillea millefolium,NA
october,b,6,Q2,Agrostis gigantea,39
october,b,6,Q2,Anagallis arvensis,NA
october,b,6,Q2,Anchusa arvensis,NA
october,b,6,Q2,Anisantha sterilis,NA
october,b,6,Q2,Aphanes australis,NA
october,b,6,Q2,Artemesia vulgaris,NA
october,b,6,Q2,Bromus hordaceus,NA
october,b,6,Q2,Cerastium glomeratun,NA
october,b,6,Q2,Chenopodium album,NA
october,b,6,Q2,Cirsium arvense,NA
october,b,6,Q2,Conyza canadensis,NA
october,b,6,Q2,Crepis capillaris,NA
october,b,6,Q2,Crepis paludos,NA
october,b,6,Q2,Elytrigia repens,NA
october,b,6,Q2,Epilobium ciliatum,NA
october,b,6,Q2,Erodium cicutarium,NA
october,b,6,Q2,Fallopia convolvulus,11
october,b,6,Q2,Festuca rubra,NA
october,b,6,Q2,Geranium molle,NA
october,b,6,Q2,Holcus mollis,129
october,b,6,Q2,Hypochaeris radicata,NA
october,b,6,Q2,Lactuca serriola,NA
october,b,6,Q2,Medicago lupulina,1
october,b,6,Q2,Myosotis arvensis,NA
october,b,6,Q2,Plantago lanceolata,1
october,b,6,Q2,Polpaver dubium,1
october,b,6,Q2,Raphanus raphanistrum,5
october,b,6,Q2,Rumex acetosella,27
october,b,6,Q2,Rumex crispus,NA
october,b,6,Q2,Rumex obtusifolia,NA
october,b,6,Q2,Semecio jacobaea,1
october,b,6,Q2,Sonchus asper,NA
october,b,6,Q2,Spergula arvensis,1
october,b,6,Q2,Stellaria graminea,NA
october,b,6,Q2,Taraxacum officinale,NA
october,b,6,Q2,Tripleurospermum inodorum,1
october,b,6,Q2,Veronica arvensis,NA
october,b,6,Q2,Veronica persica,NA
october,b,6,Q2,Viola arvensis,NA
october,b,6,Q2,Vulpia myuros,2
october,b,6,Q3,Achillea millefolium,3
october,b,6,Q3,Agrostis gigantea,10
october,b,6,Q3,Anagallis arvensis,NA
october,b,6,Q3,Anchusa arvensis,NA
october,b,6,Q3,Anisantha sterilis,NA
october,b,6,Q3,Aphanes australis,NA
october,b,6,Q3,Artemesia vulgaris,4
october,b,6,Q3,Bromus hordaceus,NA
october,b,6,Q3,Cerastium glomeratun,NA
october,b,6,Q3,Chenopodium album,NA
october,b,6,Q3,Cirsium arvense,NA
october,b,6,Q3,Conyza canadensis,NA
october,b,6,Q3,Crepis capillaris,NA
october,b,6,Q3,Crepis paludos,NA
october,b,6,Q3,Elytrigia repens,NA
october,b,6,Q3,Epilobium ciliatum,1
october,b,6,Q3,Erodium cicutarium,NA
october,b,6,Q3,Fallopia convolvulus,5
october,b,6,Q3,Festuca rubra,NA
october,b,6,Q3,Geranium molle,NA
october,b,6,Q3,Holcus mollis,123
october,b,6,Q3,Hypochaeris radicata,NA
october,b,6,Q3,Lactuca serriola,NA
october,b,6,Q3,Medicago lupulina,3
october,b,6,Q3,Myosotis arvensis,3
october,b,6,Q3,Plantago lanceolata,NA
october,b,6,Q3,Polpaver dubium,1
october,b,6,Q3,Raphanus raphanistrum,2
october,b,6,Q3,Rumex acetosella,7
october,b,6,Q3,Rumex crispus,NA
october,b,6,Q3,Rumex obtusifolia,NA
october,b,6,Q3,Semecio jacobaea,NA
october,b,6,Q3,Sonchus asper,NA
october,b,6,Q3,Spergula arvensis,1
october,b,6,Q3,Stellaria graminea,NA
october,b,6,Q3,Taraxacum officinale,1
october,b,6,Q3,Tripleurospermum inodorum,NA
october,b,6,Q3,Veronica arvensis,NA
october,b,6,Q3,Veronica persica,NA
october,b,6,Q3,Viola arvensis,NA
october,b,6,Q3,Vulpia myuros,NA
october,b,6,Q4,Achillea millefolium,1
october,b,6,Q4,Agrostis gigantea,67
october,b,6,Q4,Anagallis arvensis,NA
october,b,6,Q4,Anchusa arvensis,NA
october,b,6,Q4,Anisantha sterilis,NA
october,b,6,Q4,Aphanes australis,NA
october,b,6,Q4,Artemesia vulgaris,NA
october,b,6,Q4,Bromus hordaceus,NA
october,b,6,Q4,Cerastium glomeratun,NA
october,b,6,Q4,Chenopodium album,NA
october,b,6,Q4,Cirsium arvense,NA
october,b,6,Q4,Conyza canadensis,NA
october,b,6,Q4,Crepis capillaris,NA
october,b,6,Q4,Crepis paludos,NA
october,b,6,Q4,Elytrigia repens,NA
october,b,6,Q4,Epilobium ciliatum,NA
october,b,6,Q4,Erodium cicutarium,NA
october,b,6,Q4,Fallopia convolvulus,15
october,b,6,Q4,Festuca rubra,NA
october,b,6,Q4,Geranium molle,NA
october,b,6,Q4,Holcus mollis,51
october,b,6,Q4,Hypochaeris radicata,NA
october,b,6,Q4,Lactuca serriola,NA
october,b,6,Q4,Medicago lupulina,3
october,b,6,Q4,Myosotis arvensis,NA
october,b,6,Q4,Plantago lanceolata,NA
october,b,6,Q4,Polpaver dubium,NA
october,b,6,Q4,Raphanus raphanistrum,NA
october,b,6,Q4,Rumex acetosella,6
october,b,6,Q4,Rumex crispus,NA
october,b,6,Q4,Rumex obtusifolia,NA
october,b,6,Q4,Semecio jacobaea,NA
october,b,6,Q4,Sonchus asper,NA
october,b,6,Q4,Spergula arvensis,NA
october,b,6,Q4,Stellaria graminea,NA
october,b,6,Q4,Taraxacum officinale,NA
october,b,6,Q4,Tripleurospermum inodorum,NA
october,b,6,Q4,Veronica arvensis,NA
october,b,6,Q4,Veronica persica,NA
october,b,6,Q4,Viola arvensis,NA
october,b,6,Q4,Vulpia myuros,NA
march,c,7,Q1,Achillea millefolium,24
march,c,7,Q1,Agrostis gigantea,62
march,c,7,Q1,Anagallis arvensis,NA
march,c,7,Q1,Anchusa arvensis,NA
march,c,7,Q1,Anisantha sterilis,NA
march,c,7,Q1,Aphanes australis,NA
march,c,7,Q1,Artemesia vulgaris,40
march,c,7,Q1,Bromus hordaceus,NA
march,c,7,Q1,Cerastium glomeratun,NA
march,c,7,Q1,Chenopodium album,NA
march,c,7,Q1,Cirsium arvense,NA
march,c,7,Q1,Conyza canadensis,NA
march,c,7,Q1,Crepis capillaris,NA
march,c,7,Q1,Crepis paludos,NA
march,c,7,Q1,Elytrigia repens,NA
march,c,7,Q1,Epilobium ciliatum,NA
march,c,7,Q1,Erodium cicutarium,NA
march,c,7,Q1,Fallopia convolvulus,NA
march,c,7,Q1,Festuca rubra,NA
march,c,7,Q1,Geranium molle,NA
march,c,7,Q1,Holcus mollis,28
march,c,7,Q1,Hypochaeris radicata,NA
march,c,7,Q1,Lactuca serriola,NA
march,c,7,Q1,Medicago lupulina,2
march,c,7,Q1,Myosotis arvensis,NA
march,c,7,Q1,Plantago lanceolata,6
march,c,7,Q1,Polpaver dubium,NA
march,c,7,Q1,Raphanus raphanistrum,NA
march,c,7,Q1,Rumex acetosella,1
march,c,7,Q1,Rumex crispus,NA
march,c,7,Q1,Rumex obtusifolia,NA
march,c,7,Q1,Semecio jacobaea,NA
march,c,7,Q1,Sonchus asper,NA
march,c,7,Q1,Spergula arvensis,NA
march,c,7,Q1,Stellaria graminea,6
march,c,7,Q1,Taraxacum officinale,NA
march,c,7,Q1,Tripleurospermum inodorum,NA
march,c,7,Q1,Veronica arvensis,NA
march,c,7,Q1,Veronica persica,NA
march,c,7,Q1,Viola arvensis,3
march,c,7,Q1,Vulpia myuros,NA
march,c,7,Q2,Achillea millefolium,26
march,c,7,Q2,Agrostis gigantea,22
march,c,7,Q2,Anagallis arvensis,NA
march,c,7,Q2,Anchusa arvensis,NA
march,c,7,Q2,Anisantha sterilis,7
march,c,7,Q2,Aphanes australis,NA
march,c,7,Q2,Artemesia vulgaris,52
march,c,7,Q2,Bromus hordaceus,NA
march,c,7,Q2,Cerastium glomeratun,NA
march,c,7,Q2,Chenopodium album,NA
march,c,7,Q2,Cirsium arvense,NA
march,c,7,Q2,Conyza canadensis,NA
march,c,7,Q2,Crepis capillaris,NA
march,c,7,Q2,Crepis paludos,NA
march,c,7,Q2,Elytrigia repens,NA
march,c,7,Q2,Epilobium ciliatum,NA
march,c,7,Q2,Erodium cicutarium,NA
march,c,7,Q2,Fallopia convolvulus,1
march,c,7,Q2,Festuca rubra,NA
march,c,7,Q2,Geranium molle,NA
march,c,7,Q2,Holcus mollis,33
march,c,7,Q2,Hypochaeris radicata,NA
march,c,7,Q2,Lactuca serriola,NA
march,c,7,Q2,Medicago lupulina,4
march,c,7,Q2,Myosotis arvensis,NA
march,c,7,Q2,Plantago lanceolata,2
march,c,7,Q2,Polpaver dubium,NA
march,c,7,Q2,Raphanus raphanistrum,NA
march,c,7,Q2,Rumex acetosella,1
march,c,7,Q2,Rumex crispus,NA
march,c,7,Q2,Rumex obtusifolia,NA
march,c,7,Q2,Semecio jacobaea,NA
march,c,7,Q2,Sonchus asper,NA
march,c,7,Q2,Spergula arvensis,NA
march,c,7,Q2,Stellaria graminea,7
march,c,7,Q2,Taraxacum officinale,NA
march,c,7,Q2,Tripleurospermum inodorum,NA
march,c,7,Q2,Veronica arvensis,NA
march,c,7,Q2,Veronica persica,1
march,c,7,Q2,Viola arvensis,NA
march,c,7,Q2,Vulpia myuros,NA
march,c,7,Q3,Achillea millefolium,37
march,c,7,Q3,Agrostis gigantea,37
march,c,7,Q3,Anagallis arvensis,NA
march,c,7,Q3,Anchusa arvensis,NA
march,c,7,Q3,Anisantha sterilis,NA
march,c,7,Q3,Aphanes australis,NA
march,c,7,Q3,Artemesia vulgaris,4
march,c,7,Q3,Bromus hordaceus,NA
march,c,7,Q3,Cerastium glomeratun,NA
march,c,7,Q3,Chenopodium album,NA
march,c,7,Q3,Cirsium arvense,NA
march,c,7,Q3,Conyza canadensis,NA
march,c,7,Q3,Crepis capillaris,NA
march,c,7,Q3,Crepis paludos,NA
march,c,7,Q3,Elytrigia repens,NA
march,c,7,Q3,Epilobium ciliatum,NA
march,c,7,Q3,Erodium cicutarium,NA
march,c,7,Q3,Fallopia convolvulus,NA
march,c,7,Q3,Festuca rubra,NA
march,c,7,Q3,Geranium molle,NA
march,c,7,Q3,Holcus mollis,48
march,c,7,Q3,Hypochaeris radicata,NA
march,c,7,Q3,Lactuca serriola,NA
march,c,7,Q3,Medicago lupulina,NA
march,c,7,Q3,Myosotis arvensis,NA
march,c,7,Q3,Plantago lanceolata,NA
march,c,7,Q3,Polpaver dubium,NA
march,c,7,Q3,Raphanus raphanistrum,NA
march,c,7,Q3,Rumex acetosella,9
march,c,7,Q3,Rumex crispus,1
march,c,7,Q3,Rumex obtusifolia,NA
march,c,7,Q3,Semecio jacobaea,NA
march,c,7,Q3,Sonchus asper,NA
march,c,7,Q3,Spergula arvensis,1
march,c,7,Q3,Stellaria graminea,2
march,c,7,Q3,Taraxacum officinale,NA
march,c,7,Q3,Tripleurospermum inodorum,NA
march,c,7,Q3,Veronica arvensis,NA
march,c,7,Q3,Veronica persica,NA
march,c,7,Q3,Viola arvensis,3
march,c,7,Q3,Vulpia myuros,1
march,c,7,Q4,Achillea millefolium,37
march,c,7,Q4,Agrostis gigantea,4
march,c,7,Q4,Anagallis arvensis,NA
march,c,7,Q4,Anchusa arvensis,NA
march,c,7,Q4,Anisantha sterilis,7
march,c,7,Q4,Aphanes australis,NA
march,c,7,Q4,Artemesia vulgaris,NA
march,c,7,Q4,Bromus hordaceus,NA
march,c,7,Q4,Cerastium glomeratun,NA
march,c,7,Q4,Chenopodium album,NA
march,c,7,Q4,Cirsium arvense,NA
march,c,7,Q4,Conyza canadensis,NA
march,c,7,Q4,Crepis capillaris,NA
march,c,7,Q4,Crepis paludos,NA
march,c,7,Q4,Elytrigia repens,32
march,c,7,Q4,Epilobium ciliatum,NA
march,c,7,Q4,Erodium cicutarium,NA
march,c,7,Q4,Fallopia convolvulus,NA
march,c,7,Q4,Festuca rubra,NA
march,c,7,Q4,Geranium molle,NA
march,c,7,Q4,Holcus mollis,73
march,c,7,Q4,Hypochaeris radicata,NA
march,c,7,Q4,Lactuca serriola,NA
march,c,7,Q4,Medicago lupulina,28
march,c,7,Q4,Myosotis arvensis,NA
march,c,7,Q4,Plantago lanceolata,NA
march,c,7,Q4,Polpaver dubium,NA
march,c,7,Q4,Raphanus raphanistrum,NA
march,c,7,Q4,Rumex acetosella,5
march,c,7,Q4,Rumex crispus,4
march,c,7,Q4,Rumex obtusifolia,NA
march,c,7,Q4,Semecio jacobaea,NA
march,c,7,Q4,Sonchus asper,NA
march,c,7,Q4,Spergula arvensis,NA
march,c,7,Q4,Stellaria graminea,6
march,c,7,Q4,Taraxacum officinale,NA
march,c,7,Q4,Tripleurospermum inodorum,NA
march,c,7,Q4,Veronica arvensis,NA
march,c,7,Q4,Veronica persica,NA
march,c,7,Q4,Viola arvensis,NA
march,c,7,Q4,Vulpia myuros,NA
march,c,7,Q5,Achillea millefolium,100
march,c,7,Q5,Agrostis gigantea,27
march,c,7,Q5,Anagallis arvensis,NA
march,c,7,Q5,Anchusa arvensis,NA
march,c,7,Q5,Anisantha sterilis,24
march,c,7,Q5,Aphanes australis,NA
march,c,7,Q5,Artemesia vulgaris,1
march,c,7,Q5,Bromus hordaceus,NA
march,c,7,Q5,Cerastium glomeratun,NA
march,c,7,Q5,Chenopodium album,NA
march,c,7,Q5,Cirsium arvense,NA
march,c,7,Q5,Conyza canadensis,NA
march,c,7,Q5,Crepis capillaris,NA
march,c,7,Q5,Crepis paludos,NA
march,c,7,Q5,Elytrigia repens,11
march,c,7,Q5,Epilobium ciliatum,NA
march,c,7,Q5,Erodium cicutarium,NA
march,c,7,Q5,Fallopia convolvulus,1
march,c,7,Q5,Festuca rubra,2
march,c,7,Q5,Geranium molle,NA
march,c,7,Q5,Holcus mollis,49
march,c,7,Q5,Hypochaeris radicata,NA
march,c,7,Q5,Lactuca serriola,NA
march,c,7,Q5,Medicago lupulina,16
march,c,7,Q5,Myosotis arvensis,NA
march,c,7,Q5,Plantago lanceolata,NA
march,c,7,Q5,Polpaver dubium,NA
march,c,7,Q5,Raphanus raphanistrum,NA
march,c,7,Q5,Rumex acetosella,16
march,c,7,Q5,Rumex crispus,NA
march,c,7,Q5,Rumex obtusifolia,NA
march,c,7,Q5,Semecio jacobaea,NA
march,c,7,Q5,Sonchus asper,NA
march,c,7,Q5,Spergula arvensis,NA
march,c,7,Q5,Stellaria graminea,NA
march,c,7,Q5,Taraxacum officinale,NA
march,c,7,Q5,Tripleurospermum inodorum,NA
march,c,7,Q5,Veronica arvensis,NA
march,c,7,Q5,Veronica persica,1
march,c,7,Q5,Viola arvensis,NA
march,c,7,Q5,Vulpia myuros,NA
october,c,8,Q1,Achillea millefolium,2
october,c,8,Q1,Agrostis gigantea,198
october,c,8,Q1,Anagallis arvensis,2
october,c,8,Q1,Anchusa arvensis,NA
october,c,8,Q1,Anisantha sterilis,NA
october,c,8,Q1,Aphanes australis,NA
october,c,8,Q1,Artemesia vulgaris,NA
october,c,8,Q1,Bromus hordaceus,NA
october,c,8,Q1,Cerastium glomeratun,NA
october,c,8,Q1,Chenopodium album,NA
october,c,8,Q1,Cirsium arvense,NA
october,c,8,Q1,Conyza canadensis,NA
october,c,8,Q1,Crepis capillaris,2
october,c,8,Q1,Crepis paludos,NA
october,c,8,Q1,Elytrigia repens,NA
october,c,8,Q1,Epilobium ciliatum,NA
october,c,8,Q1,Erodium cicutarium,NA
october,c,8,Q1,Fallopia convolvulus,NA
october,c,8,Q1,Festuca rubra,NA
october,c,8,Q1,Geranium molle,NA
october,c,8,Q1,Holcus mollis,92
october,c,8,Q1,Hypochaeris radicata,NA
october,c,8,Q1,Lactuca serriola,NA
october,c,8,Q1,Medicago lupulina,3
october,c,8,Q1,Myosotis arvensis,NA
october,c,8,Q1,Plantago lanceolata,NA
october,c,8,Q1,Polpaver dubium,NA
october,c,8,Q1,Raphanus raphanistrum,NA
october,c,8,Q1,Rumex acetosella,NA
october,c,8,Q1,Rumex crispus,NA
october,c,8,Q1,Rumex obtusifolia,9
october,c,8,Q1,Semecio jacobaea,NA
october,c,8,Q1,Sonchus asper,NA
october,c,8,Q1,Spergula arvensis,NA
october,c,8,Q1,Stellaria graminea,NA
october,c,8,Q1,Taraxacum officinale,NA
october,c,8,Q1,Tripleurospermum inodorum,NA
october,c,8,Q1,Veronica arvensis,NA
october,c,8,Q1,Veronica persica,NA
october,c,8,Q1,Viola arvensis,NA
october,c,8,Q1,Vulpia myuros,NA
october,c,8,Q2,Achillea millefolium,NA
october,c,8,Q2,Agrostis gigantea,96
october,c,8,Q2,Anagallis arvensis,3
october,c,8,Q2,Anchusa arvensis,NA
october,c,8,Q2,Anisantha sterilis,NA
october,c,8,Q2,Aphanes australis,NA
october,c,8,Q2,Artemesia vulgaris,NA
october,c,8,Q2,Bromus hordaceus,NA
october,c,8,Q2,Cerastium glomeratun,NA
october,c,8,Q2,Chenopodium album,NA
october,c,8,Q2,Cirsium arvense,NA
october,c,8,Q2,Conyza canadensis,NA
october,c,8,Q2,Crepis capillaris,NA
october,c,8,Q2,Crepis paludos,NA
october,c,8,Q2,Elytrigia repens,NA
october,c,8,Q2,Epilobium ciliatum,NA
october,c,8,Q2,Erodium cicutarium,NA
october,c,8,Q2,Fallopia convolvulus,NA
october,c,8,Q2,Festuca rubra,NA
october,c,8,Q2,Geranium molle,NA
october,c,8,Q2,Holcus mollis,256
october,c,8,Q2,Hypochaeris radicata,NA
october,c,8,Q2,Lactuca serriola,NA
october,c,8,Q2,Medicago lupulina,1
october,c,8,Q2,Myosotis arvensis,3
october,c,8,Q2,Plantago lanceolata,NA
october,c,8,Q2,Polpaver dubium,NA
october,c,8,Q2,Raphanus raphanistrum,1
october,c,8,Q2,Rumex acetosella,7
october,c,8,Q2,Rumex crispus,2
october,c,8,Q2,Rumex obtusifolia,NA
october,c,8,Q2,Semecio jacobaea,NA
october,c,8,Q2,Sonchus asper,NA
october,c,8,Q2,Spergula arvensis,NA
october,c,8,Q2,Stellaria graminea,NA
october,c,8,Q2,Taraxacum officinale,NA
october,c,8,Q2,Tripleurospermum inodorum,NA
october,c,8,Q2,Veronica arvensis,NA
october,c,8,Q2,Veronica persica,NA
october,c,8,Q2,Viola arvensis,NA
october,c,8,Q2,Vulpia myuros,NA
october,c,8,Q3,Achillea millefolium,NA
october,c,8,Q3,Agrostis gigantea,99
october,c,8,Q3,Anagallis arvensis,NA
october,c,8,Q3,Anchusa arvensis,NA
october,c,8,Q3,Anisantha sterilis,NA
october,c,8,Q3,Aphanes australis,NA
october,c,8,Q3,Artemesia vulgaris,NA
october,c,8,Q3,Bromus hordaceus,NA
october,c,8,Q3,Cerastium glomeratun,NA
october,c,8,Q3,Chenopodium album,NA
october,c,8,Q3,Cirsium arvense,NA
october,c,8,Q3,Conyza canadensis,NA
october,c,8,Q3,Crepis capillaris,3
october,c,8,Q3,Crepis paludos,NA
october,c,8,Q3,Elytrigia repens,NA
october,c,8,Q3,Epilobium ciliatum,NA
october,c,8,Q3,Erodium cicutarium,NA
october,c,8,Q3,Fallopia convolvulus,NA
october,c,8,Q3,Festuca rubra,NA
october,c,8,Q3,Geranium molle,NA
october,c,8,Q3,Holcus mollis,147
october,c,8,Q3,Hypochaeris radicata,NA
october,c,8,Q3,Lactuca serriola,NA
october,c,8,Q3,Medicago lupulina,4
october,c,8,Q3,Myosotis arvensis,NA
october,c,8,Q3,Plantago lanceolata,NA
october,c,8,Q3,Polpaver dubium,NA
october,c,8,Q3,Raphanus raphanistrum,NA
october,c,8,Q3,Rumex acetosella,3
october,c,8,Q3,Rumex crispus,NA
october,c,8,Q3,Rumex obtusifolia,NA
october,c,8,Q3,Semecio jacobaea,NA
october,c,8,Q3,Sonchus asper,NA
october,c,8,Q3,Spergula arvensis,NA
october,c,8,Q3,Stellaria graminea,NA
october,c,8,Q3,Taraxacum officinale,NA
october,c,8,Q3,Tripleurospermum inodorum,NA
october,c,8,Q3,Veronica arvensis,NA
october,c,8,Q3,Veronica persica,NA
october,c,8,Q3,Viola arvensis,NA
october,c,8,Q3,Vulpia myuros,NA
october,c,8,Q4,Achillea millefolium,1
october,c,8,Q4,Agrostis gigantea,48
october,c,8,Q4,Anagallis arvensis,2
october,c,8,Q4,Anchusa arvensis,1
october,c,8,Q4,Anisantha sterilis,NA
october,c,8,Q4,Aphanes australis,NA
october,c,8,Q4,Artemesia vulgaris,NA
october,c,8,Q4,Bromus hordaceus,NA
october,c,8,Q4,Cerastium glomeratun,NA
october,c,8,Q4,Chenopodium album,NA
october,c,8,Q4,Cirsium arvense,NA
october,c,8,Q4,Conyza canadensis,NA
october,c,8,Q4,Crepis capillaris,NA
october,c,8,Q4,Crepis paludos,NA
october,c,8,Q4,Elytrigia repens,NA
october,c,8,Q4,Epilobium ciliatum,NA
october,c,8,Q4,Erodium cicutarium,NA
october,c,8,Q4,Fallopia convolvulus,NA
october,c,8,Q4,Festuca rubra,NA
october,c,8,Q4,Geranium molle,NA
october,c,8,Q4,Holcus mollis,128
october,c,8,Q4,Hypochaeris radicata,NA
october,c,8,Q4,Lactuca serriola,NA
october,c,8,Q4,Medicago lupulina,4
october,c,8,Q4,Myosotis arvensis,NA
october,c,8,Q4,Plantago lanceolata,NA
october,c,8,Q4,Polpaver dubium,NA
october,c,8,Q4,Raphanus raphanistrum,NA
october,c,8,Q4,Rumex acetosella,NA
october,c,8,Q4,Rumex crispus,4
october,c,8,Q4,Rumex obtusifolia,5
october,c,8,Q4,Semecio jacobaea,NA
october,c,8,Q4,Sonchus asper,NA
october,c,8,Q4,Spergula arvensis,10
october,c,8,Q4,Stellaria graminea,NA
october,c,8,Q4,Taraxacum officinale,NA
october,c,8,Q4,Tripleurospermum inodorum,1
october,c,8,Q4,Veronica arvensis,NA
october,c,8,Q4,Veronica persica,NA
october,c,8,Q4,Viola arvensis,NA
october,c,8,Q4,Vulpia myuros,NA
october,c,8,Q5,Achillea millefolium,NA
october,c,8,Q5,Agrostis gigantea,351
october,c,8,Q5,Anagallis arvensis,NA
october,c,8,Q5,Anchusa arvensis,NA
october,c,8,Q5,Anisantha sterilis,NA
october,c,8,Q5,Aphanes australis,NA
october,c,8,Q5,Artemesia vulgaris,NA
october,c,8,Q5,Bromus hordaceus,NA
october,c,8,Q5,Cerastium glomeratun,NA
october,c,8,Q5,Chenopodium album,NA
october,c,8,Q5,Cirsium arvense,NA
october,c,8,Q5,Conyza canadensis,NA
october,c,8,Q5,Crepis capillaris,NA
october,c,8,Q5,Crepis paludos,NA
october,c,8,Q5,Elytrigia repens,NA
october,c,8,Q5,Epilobium ciliatum,NA
october,c,8,Q5,Erodium cicutarium,NA
october,c,8,Q5,Fallopia convolvulus,NA
october,c,8,Q5,Festuca rubra,NA
october,c,8,Q5,Geranium molle,NA
october,c,8,Q5,Holcus mollis,45
october,c,8,Q5,Hypochaeris radicata,NA
october,c,8,Q5,Lactuca serriola,NA
october,c,8,Q5,Medicago lupulina,NA
october,c,8,Q5,Myosotis arvensis,6
october,c,8,Q5,Plantago lanceolata,NA
october,c,8,Q5,Polpaver dubium,NA
october,c,8,Q5,Raphanus raphanistrum,NA
october,c,8,Q5,Rumex acetosella,NA
october,c,8,Q5,Rumex crispus,NA
october,c,8,Q5,Rumex obtusifolia,4
october,c,8,Q5,Semecio jacobaea,NA
october,c,8,Q5,Sonchus asper,NA
october,c,8,Q5,Spergula arvensis,NA
october,c,8,Q5,Stellaria graminea,NA
october,c,8,Q5,Taraxacum officinale,NA
october,c,8,Q5,Tripleurospermum inodorum,NA
october,c,8,Q5,Veronica arvensis,NA
october,c,8,Q5,Veronica persica,NA
october,c,8,Q5,Viola arvensis,NA
october,c,8,Q5,Vulpia myuros,NA
may,c,9,Q1,Achillea millefolium,NA
may,c,9,Q1,Agrostis gigantea,57
may,c,9,Q1,Anagallis arvensis,NA
may,c,9,Q1,Anchusa arvensis,3
may,c,9,Q1,Anisantha sterilis,71
may,c,9,Q1,Aphanes australis,NA
may,c,9,Q1,Artemesia vulgaris,NA
may,c,9,Q1,Bromus hordaceus,12
may,c,9,Q1,Cerastium glomeratun,NA
may,c,9,Q1,Chenopodium album,NA
may,c,9,Q1,Cirsium arvense,NA
may,c,9,Q1,Conyza canadensis,NA
may,c,9,Q1,Crepis capillaris,NA
may,c,9,Q1,Crepis paludos,NA
may,c,9,Q1,Elytrigia repens,NA
may,c,9,Q1,Epilobium ciliatum,NA
may,c,9,Q1,Erodium cicutarium,3
may,c,9,Q1,Fallopia convolvulus,NA
may,c,9,Q1,Festuca rubra,NA
may,c,9,Q1,Geranium molle,6
may,c,9,Q1,Holcus mollis,11
may,c,9,Q1,Hypochaeris radicata,NA
may,c,9,Q1,Lactuca serriola,NA
may,c,9,Q1,Medicago lupulina,NA
may,c,9,Q1,Myosotis arvensis,NA
may,c,9,Q1,Plantago lanceolata,NA
may,c,9,Q1,Polpaver dubium,NA
may,c,9,Q1,Raphanus raphanistrum,NA
may,c,9,Q1,Rumex acetosella,NA
may,c,9,Q1,Rumex crispus,6
may,c,9,Q1,Rumex obtusifolia,NA
may,c,9,Q1,Semecio jacobaea,NA
may,c,9,Q1,Sonchus asper,2
may,c,9,Q1,Spergula arvensis,30
may,c,9,Q1,Stellaria graminea,NA
may,c,9,Q1,Taraxacum officinale,1
may,c,9,Q1,Tripleurospermum inodorum,NA
may,c,9,Q1,Veronica arvensis,NA
may,c,9,Q1,Veronica persica,3
may,c,9,Q1,Viola arvensis,NA
may,c,9,Q1,Vulpia myuros,NA
may,c,9,Q2,Achillea millefolium,NA
may,c,9,Q2,Agrostis gigantea,41
may,c,9,Q2,Anagallis arvensis,2
may,c,9,Q2,Anchusa arvensis,4
may,c,9,Q2,Anisantha sterilis,120
may,c,9,Q2,Aphanes australis,NA
may,c,9,Q2,Artemesia vulgaris,NA
may,c,9,Q2,Bromus hordaceus,26
may,c,9,Q2,Cerastium glomeratun,NA
may,c,9,Q2,Chenopodium album,NA
may,c,9,Q2,Cirsium arvense,1
may,c,9,Q2,Conyza canadensis,NA
may,c,9,Q2,Crepis capillaris,NA
may,c,9,Q2,Crepis paludos,NA
may,c,9,Q2,Elytrigia repens,NA
may,c,9,Q2,Epilobium ciliatum,NA
may,c,9,Q2,Erodium cicutarium,NA
may,c,9,Q2,Fallopia convolvulus,NA
may,c,9,Q2,Festuca rubra,NA
may,c,9,Q2,Geranium molle,1
may,c,9,Q2,Holcus mollis,6
may,c,9,Q2,Hypochaeris radicata,NA
may,c,9,Q2,Lactuca serriola,NA
may,c,9,Q2,Medicago lupulina,NA
may,c,9,Q2,Myosotis arvensis,NA
may,c,9,Q2,Plantago lanceolata,NA
may,c,9,Q2,Polpaver dubium,NA
may,c,9,Q2,Raphanus raphanistrum,NA
may,c,9,Q2,Rumex acetosella,NA
may,c,9,Q2,Rumex crispus,NA
may,c,9,Q2,Rumex obtusifolia,NA
may,c,9,Q2,Semecio jacobaea,NA
may,c,9,Q2,Sonchus asper,NA
may,c,9,Q2,Spergula arvensis,50
may,c,9,Q2,Stellaria graminea,NA
may,c,9,Q2,Taraxacum officinale,NA
may,c,9,Q2,Tripleurospermum inodorum,NA
may,c,9,Q2,Veronica arvensis,NA
may,c,9,Q2,Veronica persica,2
may,c,9,Q2,Viola arvensis,NA
may,c,9,Q2,Vulpia myuros,NA
may,c,9,Q3,Achillea millefolium,7
may,c,9,Q3,Agrostis gigantea,65
may,c,9,Q3,Anagallis arvensis,1
may,c,9,Q3,Anchusa arvensis,8
may,c,9,Q3,Anisantha sterilis,20
may,c,9,Q3,Aphanes australis,NA
may,c,9,Q3,Artemesia vulgaris,NA
may,c,9,Q3,Bromus hordaceus,2
may,c,9,Q3,Cerastium glomeratun,NA
may,c,9,Q3,Chenopodium album,NA
may,c,9,Q3,Cirsium arvense,NA
may,c,9,Q3,Conyza canadensis,NA
may,c,9,Q3,Crepis capillaris,NA
may,c,9,Q3,Crepis paludos,NA
may,c,9,Q3,Elytrigia repens,2
may,c,9,Q3,Epilobium ciliatum,NA
may,c,9,Q3,Erodium cicutarium,NA
may,c,9,Q3,Fallopia convolvulus,NA
may,c,9,Q3,Festuca rubra,NA
may,c,9,Q3,Geranium molle,6
may,c,9,Q3,Holcus mollis,NA
may,c,9,Q3,Hypochaeris radicata,NA
may,c,9,Q3,Lactuca serriola,NA
may,c,9,Q3,Medicago lupulina,NA
may,c,9,Q3,Myosotis arvensis,NA
may,c,9,Q3,Plantago lanceolata,NA
may,c,9,Q3,Polpaver dubium,NA
may,c,9,Q3,Raphanus raphanistrum,NA
may,c,9,Q3,Rumex acetosella,NA
may,c,9,Q3,Rumex crispus,NA
may,c,9,Q3,Rumex obtusifolia,NA
may,c,9,Q3,Semecio jacobaea,NA
may,c,9,Q3,Sonchus asper,4
may,c,9,Q3,Spergula arvensis,11
may,c,9,Q3,Stellaria graminea,NA
may,c,9,Q3,Taraxacum officinale,2
may,c,9,Q3,Tripleurospermum inodorum,NA
may,c,9,Q3,Veronica arvensis,NA
may,c,9,Q3,Veronica persica,4
may,c,9,Q3,Viola arvensis,NA
may,c,9,Q3,Vulpia myuros,NA
may,c,9,Q4,Achillea millefolium,NA
may,c,9,Q4,Agrostis gigantea,38
may,c,9,Q4,Anagallis arvensis,13
may,c,9,Q4,Anchusa arvensis,6
may,c,9,Q4,Anisantha sterilis,6
may,c,9,Q4,Aphanes australis,NA
may,c,9,Q4,Artemesia vulgaris,NA
may,c,9,Q4,Bromus hordaceus,16
may,c,9,Q4,Cerastium glomeratun,NA
may,c,9,Q4,Chenopodium album,NA
may,c,9,Q4,Cirsium arvense,NA
may,c,9,Q4,Conyza canadensis,NA
may,c,9,Q4,Crepis capillaris,NA
may,c,9,Q4,Crepis paludos,NA
may,c,9,Q4,Elytrigia repens,NA
may,c,9,Q4,Epilobium ciliatum,NA
may,c,9,Q4,Erodium cicutarium,NA
may,c,9,Q4,Fallopia convolvulus,NA
may,c,9,Q4,Festuca rubra,NA
may,c,9,Q4,Geranium molle,7
may,c,9,Q4,Holcus mollis,NA
may,c,9,Q4,Hypochaeris radicata,NA
may,c,9,Q4,Lactuca serriola,NA
may,c,9,Q4,Medicago lupulina,NA
may,c,9,Q4,Myosotis arvensis,NA
may,c,9,Q4,Plantago lanceolata,NA
may,c,9,Q4,Polpaver dubium,NA
may,c,9,Q4,Raphanus raphanistrum,NA
may,c,9,Q4,Rumex acetosella,NA
may,c,9,Q4,Rumex crispus,4
may,c,9,Q4,Rumex obtusifolia,NA
may,c,9,Q4,Semecio jacobaea,NA
may,c,9,Q4,Sonchus asper,7
may,c,9,Q4,Spergula arvensis,25
may,c,9,Q4,Stellaria graminea,NA
may,c,9,Q4,Taraxacum officinale,1
may,c,9,Q4,Tripleurospermum inodorum,NA
may,c,9,Q4,Veronica arvensis,NA
may,c,9,Q4,Veronica persica,2
may,c,9,Q4,Viola arvensis,NA
may,c,9,Q4,Vulpia myuros,NA
may,c,9,Q5,Achillea millefolium,5
may,c,9,Q5,Agrostis gigantea,45
may,c,9,Q5,Anagallis arvensis,9
may,c,9,Q5,Anchusa arvensis,1
may,c,9,Q5,Anisantha sterilis,24
may,c,9,Q5,Aphanes australis,NA
may,c,9,Q5,Artemesia vulgaris,NA
may,c,9,Q5,Bromus hordaceus,3
may,c,9,Q5,Cerastium glomeratun,NA
may,c,9,Q5,Chenopodium album,NA
may,c,9,Q5,Cirsium arvense,NA
may,c,9,Q5,Conyza canadensis,NA
may,c,9,Q5,Crepis capillaris,NA
may,c,9,Q5,Crepis paludos,NA
may,c,9,Q5,Elytrigia repens,6
may,c,9,Q5,Epilobium ciliatum,NA
may,c,9,Q5,Erodium cicutarium,1
may,c,9,Q5,Fallopia convolvulus,NA
may,c,9,Q5,Festuca rubra,NA
may,c,9,Q5,Geranium molle,12
may,c,9,Q5,Holcus mollis,NA
may,c,9,Q5,Hypochaeris radicata,NA
may,c,9,Q5,Lactuca serriola,NA
may,c,9,Q5,Medicago lupulina,NA
may,c,9,Q5,Myosotis arvensis,NA
may,c,9,Q5,Plantago lanceolata,NA
may,c,9,Q5,Polpaver dubium,NA
may,c,9,Q5,Raphanus raphanistrum,NA
may,c,9,Q5,Rumex acetosella,NA
may,c,9,Q5,Rumex crispus,NA
may,c,9,Q5,Rumex obtusifolia,NA
may,c,9,Q5,Semecio jacobaea,NA
may,c,9,Q5,Sonchus asper,2
may,c,9,Q5,Spergula arvensis,18
may,c,9,Q5,Stellaria graminea,NA
may,c,9,Q5,Taraxacum officinale,3
may,c,9,Q5,Tripleurospermum inodorum,NA
may,c,9,Q5,Veronica arvensis,NA
may,c,9,Q5,Veronica persica,1
may,c,9,Q5,Viola arvensis,NA
may,c,9,Q5,Vulpia myuros,NA
march,d,10,Q1,Achillea millefolium,7
march,d,10,Q1,Agrostis gigantea,259
march,d,10,Q1,Anagallis arvensis,NA
march,d,10,Q1,Anchusa arvensis,NA
march,d,10,Q1,Anisantha sterilis,NA
march,d,10,Q1,Aphanes australis,NA
march,d,10,Q1,Artemesia vulgaris,NA
march,d,10,Q1,Bromus hordaceus,NA
march,d,10,Q1,Cerastium glomeratun,NA
march,d,10,Q1,Chenopodium album,NA
march,d,10,Q1,Cirsium arvense,NA
march,d,10,Q1,Conyza canadensis,NA
march,d,10,Q1,Crepis capillaris,NA
march,d,10,Q1,Crepis paludos,NA
march,d,10,Q1,Elytrigia repens,NA
march,d,10,Q1,Epilobium ciliatum,NA
march,d,10,Q1,Erodium cicutarium,NA
march,d,10,Q1,Fallopia convolvulus,4
march,d,10,Q1,Festuca rubra,NA
march,d,10,Q1,Geranium molle,NA
march,d,10,Q1,Holcus mollis,NA
march,d,10,Q1,Hypochaeris radicata,NA
march,d,10,Q1,Lactuca serriola,NA
march,d,10,Q1,Medicago lupulina,63
march,d,10,Q1,Myosotis arvensis,NA
march,d,10,Q1,Plantago lanceolata,NA
march,d,10,Q1,Polpaver dubium,NA
march,d,10,Q1,Raphanus raphanistrum,NA
march,d,10,Q1,Rumex acetosella,NA
march,d,10,Q1,Rumex crispus,NA
march,d,10,Q1,Rumex obtusifolia,2
march,d,10,Q1,Semecio jacobaea,NA
march,d,10,Q1,Sonchus asper,NA
march,d,10,Q1,Spergula arvensis,12
march,d,10,Q1,Stellaria graminea,NA
march,d,10,Q1,Taraxacum officinale,NA
march,d,10,Q1,Tripleurospermum inodorum,NA
march,d,10,Q1,Veronica arvensis,NA
march,d,10,Q1,Veronica persica,NA
march,d,10,Q1,Viola arvensis,NA
march,d,10,Q1,Vulpia myuros,NA
march,d,10,Q2,Achillea millefolium,2
march,d,10,Q2,Agrostis gigantea,33
march,d,10,Q2,Anagallis arvensis,NA
march,d,10,Q2,Anchusa arvensis,NA
march,d,10,Q2,Anisantha sterilis,5
march,d,10,Q2,Aphanes australis,NA
march,d,10,Q2,Artemesia vulgaris,2
march,d,10,Q2,Bromus hordaceus,NA
march,d,10,Q2,Cerastium glomeratun,NA
march,d,10,Q2,Chenopodium album,NA
march,d,10,Q2,Cirsium arvense,NA
march,d,10,Q2,Conyza canadensis,NA
march,d,10,Q2,Crepis capillaris,NA
march,d,10,Q2,Crepis paludos,NA
march,d,10,Q2,Elytrigia repens,NA
march,d,10,Q2,Epilobium ciliatum,NA
march,d,10,Q2,Erodium cicutarium,NA
march,d,10,Q2,Fallopia convolvulus,1
march,d,10,Q2,Festuca rubra,NA
march,d,10,Q2,Geranium molle,NA
march,d,10,Q2,Holcus mollis,26
march,d,10,Q2,Hypochaeris radicata,NA
march,d,10,Q2,Lactuca serriola,NA
march,d,10,Q2,Medicago lupulina,44
march,d,10,Q2,Myosotis arvensis,NA
march,d,10,Q2,Plantago lanceolata,NA
march,d,10,Q2,Polpaver dubium,NA
march,d,10,Q2,Raphanus raphanistrum,NA
march,d,10,Q2,Rumex acetosella,NA
march,d,10,Q2,Rumex crispus,1
march,d,10,Q2,Rumex obtusifolia,NA
march,d,10,Q2,Semecio jacobaea,NA
march,d,10,Q2,Sonchus asper,NA
march,d,10,Q2,Spergula arvensis,NA
march,d,10,Q2,Stellaria graminea,NA
march,d,10,Q2,Taraxacum officinale,NA
march,d,10,Q2,Tripleurospermum inodorum,NA
march,d,10,Q2,Veronica arvensis,1
march,d,10,Q2,Veronica persica,NA
march,d,10,Q2,Viola arvensis,NA
march,d,10,Q2,Vulpia myuros,NA
march,d,10,Q3,Achillea millefolium,2
march,d,10,Q3,Agrostis gigantea,96
march,d,10,Q3,Anagallis arvensis,NA
march,d,10,Q3,Anchusa arvensis,NA
march,d,10,Q3,Anisantha sterilis,NA
march,d,10,Q3,Aphanes australis,NA
march,d,10,Q3,Artemesia vulgaris,7
march,d,10,Q3,Bromus hordaceus,NA
march,d,10,Q3,Cerastium glomeratun,NA
march,d,10,Q3,Chenopodium album,NA
march,d,10,Q3,Cirsium arvense,NA
march,d,10,Q3,Conyza canadensis,NA
march,d,10,Q3,Crepis capillaris,NA
march,d,10,Q3,Crepis paludos,NA
march,d,10,Q3,Elytrigia repens,NA
march,d,10,Q3,Epilobium ciliatum,2
march,d,10,Q3,Erodium cicutarium,NA
march,d,10,Q3,Fallopia convolvulus,NA
march,d,10,Q3,Festuca rubra,NA
march,d,10,Q3,Geranium molle,NA
march,d,10,Q3,Holcus mollis,44
march,d,10,Q3,Hypochaeris radicata,NA
march,d,10,Q3,Lactuca serriola,NA
march,d,10,Q3,Medicago lupulina,114
march,d,10,Q3,Myosotis arvensis,NA
march,d,10,Q3,Plantago lanceolata,NA
march,d,10,Q3,Polpaver dubium,NA
march,d,10,Q3,Raphanus raphanistrum,NA
march,d,10,Q3,Rumex acetosella,NA
march,d,10,Q3,Rumex crispus,NA
march,d,10,Q3,Rumex obtusifolia,NA
march,d,10,Q3,Semecio jacobaea,NA
march,d,10,Q3,Sonchus asper,NA
march,d,10,Q3,Spergula arvensis,NA
march,d,10,Q3,Stellaria graminea,NA
march,d,10,Q3,Taraxacum officinale,NA
march,d,10,Q3,Tripleurospermum inodorum,NA
march,d,10,Q3,Veronica arvensis,1
march,d,10,Q3,Veronica persica,NA
march,d,10,Q3,Viola arvensis,NA
march,d,10,Q3,Vulpia myuros,NA
march,d,10,Q4,Achillea millefolium,9
march,d,10,Q4,Agrostis gigantea,291
march,d,10,Q4,Anagallis arvensis,NA
march,d,10,Q4,Anchusa arvensis,NA
march,d,10,Q4,Anisantha sterilis,5
march,d,10,Q4,Aphanes australis,NA
march,d,10,Q4,Artemesia vulgaris,7
march,d,10,Q4,Bromus hordaceus,NA
march,d,10,Q4,Cerastium glomeratun,NA
march,d,10,Q4,Chenopodium album,NA
march,d,10,Q4,Cirsium arvense,NA
march,d,10,Q4,Conyza canadensis,NA
march,d,10,Q4,Crepis capillaris,NA
march,d,10,Q4,Crepis paludos,NA
march,d,10,Q4,Elytrigia repens,NA
march,d,10,Q4,Epilobium ciliatum,4
march,d,10,Q4,Erodium cicutarium,NA
march,d,10,Q4,Fallopia convolvulus,NA
march,d,10,Q4,Festuca rubra,NA
march,d,10,Q4,Geranium molle,NA
march,d,10,Q4,Holcus mollis,NA
march,d,10,Q4,Hypochaeris radicata,NA
march,d,10,Q4,Lactuca serriola,NA
march,d,10,Q4,Medicago lupulina,25
march,d,10,Q4,Myosotis arvensis,NA
march,d,10,Q4,Plantago lanceolata,NA
march,d,10,Q4,Polpaver dubium,NA
march,d,10,Q4,Raphanus raphanistrum,NA
march,d,10,Q4,Rumex acetosella,6
march,d,10,Q4,Rumex crispus,NA
march,d,10,Q4,Rumex obtusifolia,NA
march,d,10,Q4,Semecio jacobaea,NA
march,d,10,Q4,Sonchus asper,NA
march,d,10,Q4,Spergula arvensis,NA
march,d,10,Q4,Stellaria graminea,NA
march,d,10,Q4,Taraxacum officinale,NA
march,d,10,Q4,Tripleurospermum inodorum,NA
march,d,10,Q4,Veronica arvensis,7
march,d,10,Q4,Veronica persica,NA
march,d,10,Q4,Viola arvensis,NA
march,d,10,Q4,Vulpia myuros,NA
march,d,10,Q5,Achillea millefolium,4
march,d,10,Q5,Agrostis gigantea,19
march,d,10,Q5,Anagallis arvensis,2
march,d,10,Q5,Anchusa arvensis,NA
march,d,10,Q5,Anisantha sterilis,1
march,d,10,Q5,Aphanes australis,NA
march,d,10,Q5,Artemesia vulgaris,NA
march,d,10,Q5,Bromus hordaceus,NA
march,d,10,Q5,Cerastium glomeratun,NA
march,d,10,Q5,Chenopodium album,NA
march,d,10,Q5,Cirsium arvense,NA
march,d,10,Q5,Conyza canadensis,NA
march,d,10,Q5,Crepis capillaris,3
march,d,10,Q5,Crepis paludos,NA
march,d,10,Q5,Elytrigia repens,25
march,d,10,Q5,Epilobium ciliatum,NA
march,d,10,Q5,Erodium cicutarium,NA
march,d,10,Q5,Fallopia convolvulus,NA
march,d,10,Q5,Festuca rubra,NA
march,d,10,Q5,Geranium molle,NA
march,d,10,Q5,Holcus mollis,70
march,d,10,Q5,Hypochaeris radicata,NA
march,d,10,Q5,Lactuca serriola,NA
march,d,10,Q5,Medicago lupulina,2
march,d,10,Q5,Myosotis arvensis,NA
march,d,10,Q5,Plantago lanceolata,NA
march,d,10,Q5,Polpaver dubium,NA
march,d,10,Q5,Raphanus raphanistrum,NA
march,d,10,Q5,Rumex acetosella,1
march,d,10,Q5,Rumex crispus,NA
march,d,10,Q5,Rumex obtusifolia,3
march,d,10,Q5,Semecio jacobaea,NA
march,d,10,Q5,Sonchus asper,NA
march,d,10,Q5,Spergula arvensis,NA
march,d,10,Q5,Stellaria graminea,NA
march,d,10,Q5,Taraxacum officinale,NA
march,d,10,Q5,Tripleurospermum inodorum,NA
march,d,10,Q5,Veronica arvensis,NA
march,d,10,Q5,Veronica persica,NA
march,d,10,Q5,Viola arvensis,NA
march,d,10,Q5,Vulpia myuros,25
march,d,10,Q6,Achillea millefolium,10
march,d,10,Q6,Agrostis gigantea,80
march,d,10,Q6,Anagallis arvensis,NA
march,d,10,Q6,Anchusa arvensis,NA
march,d,10,Q6,Anisantha sterilis,NA
march,d,10,Q6,Aphanes australis,NA
march,d,10,Q6,Artemesia vulgaris,1
march,d,10,Q6,Bromus hordaceus,NA
march,d,10,Q6,Cerastium glomeratun,NA
march,d,10,Q6,Chenopodium album,NA
march,d,10,Q6,Cirsium arvense,NA
march,d,10,Q6,Conyza canadensis,NA
march,d,10,Q6,Crepis capillaris,NA
march,d,10,Q6,Crepis paludos,NA
march,d,10,Q6,Elytrigia repens,5
march,d,10,Q6,Epilobium ciliatum,NA
march,d,10,Q6,Erodium cicutarium,NA
march,d,10,Q6,Fallopia convolvulus,NA
march,d,10,Q6,Festuca rubra,NA
march,d,10,Q6,Geranium molle,NA
march,d,10,Q6,Holcus mollis,20
march,d,10,Q6,Hypochaeris radicata,NA
march,d,10,Q6,Lactuca serriola,1
march,d,10,Q6,Medicago lupulina,16
march,d,10,Q6,Myosotis arvensis,NA
march,d,10,Q6,Plantago lanceolata,NA
march,d,10,Q6,Polpaver dubium,NA
march,d,10,Q6,Raphanus raphanistrum,NA
march,d,10,Q6,Rumex acetosella,4
march,d,10,Q6,Rumex crispus,NA
march,d,10,Q6,Rumex obtusifolia,1
march,d,10,Q6,Semecio jacobaea,NA
march,d,10,Q6,Sonchus asper,NA
march,d,10,Q6,Spergula arvensis,1
march,d,10,Q6,Stellaria graminea,NA
march,d,10,Q6,Taraxacum officinale,NA
march,d,10,Q6,Tripleurospermum inodorum,NA
march,d,10,Q6,Veronica arvensis,NA
march,d,10,Q6,Veronica persica,NA
march,d,10,Q6,Viola arvensis,NA
march,d,10,Q6,Vulpia myuros,NA
may,d,12,Q1,Achillea millefolium,NA
may,d,12,Q1,Agrostis gigantea,33
may,d,12,Q1,Anagallis arvensis,9
may,d,12,Q1,Anchusa arvensis,NA
may,d,12,Q1,Anisantha sterilis,14
may,d,12,Q1,Aphanes australis,1
may,d,12,Q1,Artemesia vulgaris,NA
may,d,12,Q1,Bromus hordaceus,12
may,d,12,Q1,Cerastium glomeratun,NA
may,d,12,Q1,Chenopodium album,NA
may,d,12,Q1,Cirsium arvense,NA
may,d,12,Q1,Conyza canadensis,NA
may,d,12,Q1,Crepis capillaris,NA
may,d,12,Q1,Crepis paludos,NA
may,d,12,Q1,Elytrigia repens,NA
may,d,12,Q1,Epilobium ciliatum,NA
may,d,12,Q1,Erodium cicutarium,NA
may,d,12,Q1,Fallopia convolvulus,NA
may,d,12,Q1,Festuca rubra,NA
may,d,12,Q1,Geranium molle,3
may,d,12,Q1,Holcus mollis,14
may,d,12,Q1,Hypochaeris radicata,NA
may,d,12,Q1,Lactuca serriola,NA
may,d,12,Q1,Medicago lupulina,NA
may,d,12,Q1,Myosotis arvensis,NA
may,d,12,Q1,Plantago lanceolata,NA
may,d,12,Q1,Polpaver dubium,NA
may,d,12,Q1,Raphanus raphanistrum,NA
may,d,12,Q1,Rumex acetosella,2
may,d,12,Q1,Rumex crispus,3
may,d,12,Q1,Rumex obtusifolia,NA
may,d,12,Q1,Semecio jacobaea,NA
may,d,12,Q1,Sonchus asper,NA
may,d,12,Q1,Spergula arvensis,NA
may,d,12,Q1,Stellaria graminea,NA
may,d,12,Q1,Taraxacum officinale,NA
may,d,12,Q1,Tripleurospermum inodorum,NA
may,d,12,Q1,Veronica arvensis,NA
may,d,12,Q1,Veronica persica,NA
may,d,12,Q1,Viola arvensis,NA
may,d,12,Q1,Vulpia myuros,NA
may,d,12,Q2,Achillea millefolium,NA
may,d,12,Q2,Agrostis gigantea,145
may,d,12,Q2,Anagallis arvensis,8
may,d,12,Q2,Anchusa arvensis,NA
may,d,12,Q2,Anisantha sterilis,NA
may,d,12,Q2,Aphanes australis,NA
may,d,12,Q2,Artemesia vulgaris,NA
may,d,12,Q2,Bromus hordaceus,NA
may,d,12,Q2,Cerastium glomeratun,NA
may,d,12,Q2,Chenopodium album,NA
may,d,12,Q2,Cirsium arvense,NA
may,d,12,Q2,Conyza canadensis,NA
may,d,12,Q2,Crepis capillaris,2
may,d,12,Q2,Crepis paludos,NA
may,d,12,Q2,Elytrigia repens,NA
may,d,12,Q2,Epilobium ciliatum,NA
may,d,12,Q2,Erodium cicutarium,NA
may,d,12,Q2,Fallopia convolvulus,NA
may,d,12,Q2,Festuca rubra,NA
may,d,12,Q2,Geranium molle,1
may,d,12,Q2,Holcus mollis,20
may,d,12,Q2,Hypochaeris radicata,1
may,d,12,Q2,Lactuca serriola,NA
may,d,12,Q2,Medicago lupulina,NA
may,d,12,Q2,Myosotis arvensis,NA
may,d,12,Q2,Plantago lanceolata,NA
may,d,12,Q2,Polpaver dubium,NA
may,d,12,Q2,Raphanus raphanistrum,NA
may,d,12,Q2,Rumex acetosella,NA
may,d,12,Q2,Rumex crispus,NA
may,d,12,Q2,Rumex obtusifolia,NA
may,d,12,Q2,Semecio jacobaea,NA
may,d,12,Q2,Sonchus asper,3
may,d,12,Q2,Spergula arvensis,NA
may,d,12,Q2,Stellaria graminea,4
may,d,12,Q2,Taraxacum officinale,NA
may,d,12,Q2,Tripleurospermum inodorum,NA
may,d,12,Q2,Veronica arvensis,NA
may,d,12,Q2,Veronica persica,NA
may,d,12,Q2,Viola arvensis,NA
may,d,12,Q2,Vulpia myuros,NA
may,d,12,Q4,Achillea millefolium,NA
may,d,12,Q4,Agrostis gigantea,45
may,d,12,Q4,Anagallis arvensis,17
may,d,12,Q4,Anchusa arvensis,NA
may,d,12,Q4,Anisantha sterilis,8
may,d,12,Q4,Aphanes australis,NA
may,d,12,Q4,Artemesia vulgaris,NA
may,d,12,Q4,Bromus hordaceus,10
may,d,12,Q4,Cerastium glomeratun,NA
may,d,12,Q4,Chenopodium album,NA
may,d,12,Q4,Cirsium arvense,NA
may,d,12,Q4,Conyza canadensis,NA
may,d,12,Q4,Crepis capillaris,NA
may,d,12,Q4,Crepis paludos,NA
may,d,12,Q4,Elytrigia repens,1
may,d,12,Q4,Epilobium ciliatum,NA
may,d,12,Q4,Erodium cicutarium,NA
may,d,12,Q4,Fallopia convolvulus,NA
may,d,12,Q4,Festuca rubra,NA
may,d,12,Q4,Geranium molle,NA
may,d,12,Q4,Holcus mollis,1
may,d,12,Q4,Hypochaeris radicata,NA
may,d,12,Q4,Lactuca serriola,NA
may,d,12,Q4,Medicago lupulina,NA
may,d,12,Q4,Myosotis arvensis,NA
may,d,12,Q4,Plantago lanceolata,NA
may,d,12,Q4,Polpaver dubium,NA
may,d,12,Q4,Raphanus raphanistrum,NA
may,d,12,Q4,Rumex acetosella,5
may,d,12,Q4,Rumex crispus,NA
may,d,12,Q4,Rumex obtusifolia,NA
may,d,12,Q4,Semecio jacobaea,NA
may,d,12,Q4,Sonchus asper,NA
may,d,12,Q4,Spergula arvensis,1
may,d,12,Q4,Stellaria graminea,2
may,d,12,Q4,Taraxacum officinale,NA
may,d,12,Q4,Tripleurospermum inodorum,NA
may,d,12,Q4,Veronica arvensis,5
may,d,12,Q4,Veronica persica,NA
may,d,12,Q4,Viola arvensis,NA
may,d,12,Q4,Vulpia myuros,NA
october,d,11,Q1,Achillea millefolium,NA
october,d,11,Q1,Agrostis gigantea,62
october,d,11,Q1,Anagallis arvensis,NA
october,d,11,Q1,Anchusa arvensis,NA
october,d,11,Q1,Anisantha sterilis,NA
october,d,11,Q1,Aphanes australis,NA
october,d,11,Q1,Artemesia vulgaris,NA
october,d,11,Q1,Bromus hordaceus,NA
october,d,11,Q1,Cerastium glomeratun,NA
october,d,11,Q1,Chenopodium album,NA
october,d,11,Q1,Cirsium arvense,NA
october,d,11,Q1,Conyza canadensis,NA
october,d,11,Q1,Crepis capillaris,NA
october,d,11,Q1,Crepis paludos,2
october,d,11,Q1,Elytrigia repens,NA
october,d,11,Q1,Epilobium ciliatum,NA
october,d,11,Q1,Erodium cicutarium,NA
october,d,11,Q1,Fallopia convolvulus,NA
october,d,11,Q1,Festuca rubra,NA
october,d,11,Q1,Geranium molle,NA
october,d,11,Q1,Holcus mollis,104
october,d,11,Q1,Hypochaeris radicata,NA
october,d,11,Q1,Lactuca serriola,NA
october,d,11,Q1,Medicago lupulina,NA
october,d,11,Q1,Myosotis arvensis,NA
october,d,11,Q1,Plantago lanceolata,NA
october,d,11,Q1,Polpaver dubium,NA
october,d,11,Q1,Raphanus raphanistrum,NA
october,d,11,Q1,Rumex acetosella,3
october,d,11,Q1,Rumex crispus,NA
october,d,11,Q1,Rumex obtusifolia,NA
october,d,11,Q1,Semecio jacobaea,NA
october,d,11,Q1,Sonchus asper,NA
october,d,11,Q1,Spergula arvensis,NA
october,d,11,Q1,Stellaria graminea,NA
october,d,11,Q1,Taraxacum officinale,NA
october,d,11,Q1,Tripleurospermum inodorum,NA
october,d,11,Q1,Veronica arvensis,NA
october,d,11,Q1,Veronica persica,NA
october,d,11,Q1,Viola arvensis,NA
october,d,11,Q1,Vulpia myuros,NA
october,d,11,Q2,Achillea millefolium,NA
october,d,11,Q2,Agrostis gigantea,25
october,d,11,Q2,Anagallis arvensis,12
october,d,11,Q2,Anchusa arvensis,NA
october,d,11,Q2,Anisantha sterilis,NA
october,d,11,Q2,Aphanes australis,NA
october,d,11,Q2,Artemesia vulgaris,NA
october,d,11,Q2,Bromus hordaceus,NA
october,d,11,Q2,Cerastium glomeratun,NA
october,d,11,Q2,Chenopodium album,NA
october,d,11,Q2,Cirsium arvense,NA
october,d,11,Q2,Conyza canadensis,NA
october,d,11,Q2,Crepis capillaris,NA
october,d,11,Q2,Crepis paludos,3
october,d,11,Q2,Elytrigia repens,NA
october,d,11,Q2,Epilobium ciliatum,NA
october,d,11,Q2,Erodium cicutarium,NA
october,d,11,Q2,Fallopia convolvulus,NA
october,d,11,Q2,Festuca rubra,NA
october,d,11,Q2,Geranium molle,NA
october,d,11,Q2,Holcus mollis,131
october,d,11,Q2,Hypochaeris radicata,NA
october,d,11,Q2,Lactuca serriola,NA
october,d,11,Q2,Medicago lupulina,NA
october,d,11,Q2,Myosotis arvensis,NA
october,d,11,Q2,Plantago lanceolata,NA
october,d,11,Q2,Polpaver dubium,NA
october,d,11,Q2,Raphanus raphanistrum,NA
october,d,11,Q2,Rumex acetosella,13
october,d,11,Q2,Rumex crispus,NA
october,d,11,Q2,Rumex obtusifolia,NA
october,d,11,Q2,Semecio jacobaea,NA
october,d,11,Q2,Sonchus asper,NA
october,d,11,Q2,Spergula arvensis,NA
october,d,11,Q2,Stellaria graminea,NA
october,d,11,Q2,Taraxacum officinale,NA
october,d,11,Q2,Tripleurospermum inodorum,NA
october,d,11,Q2,Veronica arvensis,NA
october,d,11,Q2,Veronica persica,5
october,d,11,Q2,Viola arvensis,NA
october,d,11,Q2,Vulpia myuros,NA
october,d,11,Q3,Achillea millefolium,12
october,d,11,Q3,Agrostis gigantea,57
october,d,11,Q3,Anagallis arvensis,NA
october,d,11,Q3,Anchusa arvensis,NA
october,d,11,Q3,Anisantha sterilis,NA
october,d,11,Q3,Aphanes australis,NA
october,d,11,Q3,Artemesia vulgaris,NA
october,d,11,Q3,Bromus hordaceus,NA
october,d,11,Q3,Cerastium glomeratun,NA
october,d,11,Q3,Chenopodium album,NA
october,d,11,Q3,Cirsium arvense,NA
october,d,11,Q3,Conyza canadensis,NA
october,d,11,Q3,Crepis capillaris,NA
october,d,11,Q3,Crepis paludos,NA
october,d,11,Q3,Elytrigia repens,NA
october,d,11,Q3,Epilobium ciliatum,NA
october,d,11,Q3,Erodium cicutarium,NA
october,d,11,Q3,Fallopia convolvulus,NA
october,d,11,Q3,Festuca rubra,NA
october,d,11,Q3,Geranium molle,NA
october,d,11,Q3,Holcus mollis,73
october,d,11,Q3,Hypochaeris radicata,NA
october,d,11,Q3,Lactuca serriola,NA
october,d,11,Q3,Medicago lupulina,NA
october,d,11,Q3,Myosotis arvensis,NA
october,d,11,Q3,Plantago lanceolata,NA
october,d,11,Q3,Polpaver dubium,NA
october,d,11,Q3,Raphanus raphanistrum,NA
october,d,11,Q3,Rumex acetosella,15
october,d,11,Q3,Rumex crispus,NA
october,d,11,Q3,Rumex obtusifolia,NA
october,d,11,Q3,Semecio jacobaea,NA
october,d,11,Q3,Sonchus asper,NA
october,d,11,Q3,Spergula arvensis,1
october,d,11,Q3,Stellaria graminea,NA
october,d,11,Q3,Taraxacum officinale,NA
october,d,11,Q3,Tripleurospermum inodorum,NA
october,d,11,Q3,Veronica arvensis,NA
october,d,11,Q3,Veronica persica,NA
october,d,11,Q3,Viola arvensis,NA
october,d,11,Q3,Vulpia myuros,NA
october,d,11,Q4,Achillea millefolium,6
october,d,11,Q4,Agrostis gigantea,113
october,d,11,Q4,Anagallis arvensis,12
october,d,11,Q4,Anchusa arvensis,NA
october,d,11,Q4,Anisantha sterilis,NA
october,d,11,Q4,Aphanes australis,NA
october,d,11,Q4,Artemesia vulgaris,NA
october,d,11,Q4,Bromus hordaceus,NA
october,d,11,Q4,Cerastium glomeratun,NA
october,d,11,Q4,Chenopodium album,NA
october,d,11,Q4,Cirsium arvense,NA
october,d,11,Q4,Conyza canadensis,4
october,d,11,Q4,Crepis capillaris,NA
october,d,11,Q4,Crepis paludos,NA
october,d,11,Q4,Elytrigia repens,NA
october,d,11,Q4,Epilobium ciliatum,NA
october,d,11,Q4,Erodium cicutarium,NA
october,d,11,Q4,Fallopia convolvulus,NA
october,d,11,Q4,Festuca rubra,NA
october,d,11,Q4,Geranium molle,NA
october,d,11,Q4,Holcus mollis,54
october,d,11,Q4,Hypochaeris radicata,NA
october,d,11,Q4,Lactuca serriola,NA
october,d,11,Q4,Medicago lupulina,1
october,d,11,Q4,Myosotis arvensis,NA
october,d,11,Q4,Plantago lanceolata,NA
october,d,11,Q4,Polpaver dubium,NA
october,d,11,Q4,Raphanus raphanistrum,NA
october,d,11,Q4,Rumex acetosella,NA
october,d,11,Q4,Rumex crispus,NA
october,d,11,Q4,Rumex obtusifolia,NA
october,d,11,Q4,Semecio jacobaea,NA
october,d,11,Q4,Sonchus asper,NA
october,d,11,Q4,Spergula arvensis,1
october,d,11,Q4,Stellaria graminea,NA
october,d,11,Q4,Taraxacum officinale,NA
october,d,11,Q4,Tripleurospermum inodorum,NA
october,d,11,Q4,Veronica arvensis,NA
october,d,11,Q4,Veronica persica,NA
october,d,11,Q4,Viola arvensis,NA
october,d,11,Q4,Vulpia myuros,NA
october,d,11,Q5,Achillea millefolium,5
october,d,11,Q5,Agrostis gigantea,12
october,d,11,Q5,Anagallis arvensis,NA
october,d,11,Q5,Anchusa arvensis,NA
october,d,11,Q5,Anisantha sterilis,3
october,d,11,Q5,Aphanes australis,NA
october,d,11,Q5,Artemesia vulgaris,NA
october,d,11,Q5,Bromus hordaceus,NA
october,d,11,Q5,Cerastium glomeratun,NA
october,d,11,Q5,Chenopodium album,NA
october,d,11,Q5,Cirsium arvense,NA
october,d,11,Q5,Conyza canadensis,NA
october,d,11,Q5,Crepis capillaris,NA
october,d,11,Q5,Crepis paludos,NA
october,d,11,Q5,Elytrigia repens,NA
october,d,11,Q5,Epilobium ciliatum,NA
october,d,11,Q5,Erodium cicutarium,NA
october,d,11,Q5,Fallopia convolvulus,NA
october,d,11,Q5,Festuca rubra,NA
october,d,11,Q5,Geranium molle,NA
october,d,11,Q5,Holcus mollis,77
october,d,11,Q5,Hypochaeris radicata,NA
october,d,11,Q5,Lactuca serriola,NA
october,d,11,Q5,Medicago lupulina,1
october,d,11,Q5,Myosotis arvensis,NA
october,d,11,Q5,Plantago lanceolata,NA
october,d,11,Q5,Polpaver dubium,NA
october,d,11,Q5,Raphanus raphanistrum,NA
october,d,11,Q5,Rumex acetosella,13
october,d,11,Q5,Rumex crispus,NA
october,d,11,Q5,Rumex obtusifolia,NA
october,d,11,Q5,Semecio jacobaea,NA
october,d,11,Q5,Sonchus asper,NA
october,d,11,Q5,Spergula arvensis,11
october,d,11,Q5,Stellaria graminea,1
october,d,11,Q5,Taraxacum officinale,NA
october,d,11,Q5,Tripleurospermum inodorum,2
october,d,11,Q5,Veronica arvensis,NA
october,d,11,Q5,Veronica persica,1
october,d,11,Q5,Viola arvensis,NA
october,d,11,Q5,Vulpia myuros,NA
